cnpj8,issuer_name,sector,sector_source,confidence,weight_share,note
16670085,LOCALIZA RENT A CAR S/A,car_rental_fleet,manual,high,0.01829999123003615,Localiza
00864214,ENERGISA SA,utilities_distribution,manual,high,0.017720199175623397,Energisa (distribution-dominant)
43776517,CIA SANEAMENTO BASICO EST. SP - SABESP,sanitation,cvm,medium,0.01689679701431453,"CVM: Saneamento, Serv. Água e Gás"
04423567,ENEVA S.A.,utilities_generation_thermal,manual,high,0.01581516813969578,Eneva gas-to-wire thermal
06047087,REDE DOR SAO LUIZ S/A,healthcare,cvm,medium,0.015055104606179901,CVM: Serviços Médicos
02474103,ENGIE BRASIL ENERGIA SA,utilities_generation_hydro,manual,high,0.013422916889975932,Engie Brasil (hydro-dominant)
07859971,TRANSMISSORA ALIANCA DE ENERGIA ELETRICA S/A,utilities_transmission,manual,high,0.01220973855763328,Taesa
02998611,ISA ENERGIA BRASIL S.A.,utilities_transmission,manual,high,0.0121269111212886,ISA Energia
21314559,MOVIDA PARTICIPACOES S/A,car_rental_fleet,manual,high,0.011522758056186235,Movida
03467321,ENERGISA MATO GROSSO - DISTRIBUIDORA DE ENERGIA S.A.,utilities_distribution,name_rule,high,0.010143924851154224,rule /DISTRIBUI.*ENERGIA|ENERGIA.*DISTRIBUI|DI/; CVM: Energia Elétrica
50746577,COSAN S.A.,holding_diversified,manual,high,0.010100075031912924,Cosan - override [issuer override]
15139629,CIA. DE ELETRIC. DO EST. DA BAHIA-COELBA,utilities_distribution,manual,high,0.0099198035528098,Coelba
08827501,AEGEA SANEAMENTO E PARTICIPACOES S/A,sanitation,cvm,medium,0.00971029886087914,"CVM: Saneamento, Serv. Água e Gás"
00001180,AXIA ENERGIA S.A.,utilities_generation_hydro,manual,high,0.008180427389571539,Axia (ex-Eletrobras)
10835932,COMPANHIA ENERGETICA DE PERNAMBUCO-CELPE,utilities_distribution,manual,high,0.007980667101916724,Celpe
17281106,COMPANHIA DE SANEAMENTO DE MINAS GERAIS COPASA MG,sanitation,cvm,medium,0.007888095261296201,"CVM: Saneamento, Serv. Água e Gás"
23373000,VAMOS LOCACAO DE CAMINHOES MAQUINAS E EQUIPAMENTOS S.A.,trucking_equipment_rental,manual,high,0.0075908909308829405,Vamos truck/machinery rental
04368898,COPEL  DISTRIBUICAO S/A,utilities_distribution,name_rule,high,0.007517807898814106,rule /DISTRIBUI.*ENERGIA|ENERGIA.*DISTRIBUI|DI/; CVM: Energia Elétrica
12091809,BRAVA ENERGIA S.A.,oil_gas,manual,high,0.00748370248384865,Brava E&P [issuer override]
02328280,ELEKTRO REDES S.A.,utilities_distribution,manual,high,0.007220603568400845,Elektro
01543032,EQUATORIAL GOIAS DISTRIBUIDORA DE ENERGIA S.A.,utilities_distribution,name_rule,high,0.007089054110676944,rule /DISTRIBUI.*ENERGIA|ENERGIA.*DISTRIBUI|DI/; CVM: Energia Elétrica
09149503,SERENA GERACAO S.A.,utilities_generation_renewables,manual,high,0.007084181908539021,Serena (ex-Omega) wind/solar
00194724,AUREN OPERACOES S.A.,utilities_generation_hydro,manual,medium,0.007074437504263177,Auren operations (hydro + wind)
04370282,COPEL GERACAO E TRANSMISSAO S.A.,utilities_generation_hydro,manual,high,0.006957504652953042,Copel GeT
04992714,NOVA TRANSPORTADORA DO SUDESTE S.A.  NTS,utilities_transmission,manual,high,0.006928271440125508,"NTS gas pipeline, ship-or-pay IGP-M-indexed"
71208516,ALGAR TELECOM S.A.,telecom,cvm,medium,0.006913654833711741,CVM: Telecomunicações
08873873,ECORODOVIAS CONCESSOES E SERVICOS S/A,toll_roads,manual,high,0.006884421620884207,Ecorodovias
08467115,COMPANHIA ESTADUAL DE DISTRIBUICAO DE ENERGIA ELETRICA - CEEE D,utilities_distribution,manual,high,0.006733383354608616,CEEE-D
61486650,DIAGNOSTICOS DA AMERICA S/A,healthcare,cvm,medium,0.00663593931185017,CVM: Serviços Médicos
06981180,CEMIG DISTRIBUICAO S/A,utilities_distribution,name_rule,high,0.006626194907574326,rule /DISTRIBUI.*ENERGIA|ENERGIA.*DISTRIBUI|DI/; CVM: Energia Elétrica
05197443,HAPVIDA PARTICIPACOES E INVESTIMENTOS S.A.,healthcare,cvm,medium,0.006153591300195863,CVM: Serviços Médicos
02932074,HYPERA S/A,healthcare,cvm,medium,0.006129230289506251,CVM: Farmacêutico e Higiene [issuer override]
06057223,SENDAS  DISTRIBUIDORA S/A,retail,manual,high,0.006114613683092484,Assai
02016440,RGE SUL DISTRIBUIDORA DE ENERGIA S/A,utilities_distribution,manual,high,0.005963575416816893,RGE Sul
02846056,MOTIVA INFRAESTRUTURA DE MOBILIDADE S.A.,toll_roads,manual,high,0.00566149888426571,Motiva (ex-CCR): roads + airports + transit
08926302,PRIO FORTE S.A.,oil_gas,manual,high,0.005651754479989866,PRIO [issuer override]
01417222,MRS LOGISTICA S/A,railways,manual,high,0.0056468822778519435,MRS - override [issuer override]
02635522,JALLES MACHADO S.A.,sugar_ethanol,cvm,medium,0.0054958440115763525,"CVM: Agricultura (Açúcar, Álcool e Cana)"
02919555,ARTERIS S.A.,toll_roads,manual,high,0.0054763552030246635,Arteris
61856571,COMPANHIA DE GAS DE SAO PAULO - COMGAS,utilities_distribution,manual,high,0.00542763318164544,Comgas gas distribution
15413826,ENERGISA MATO GROSSO DO SUL - DISTRIBUIDORA DE ENERGIA S.A.,utilities_distribution,name_rule,high,0.005378911160266217,rule /DISTRIBUI.*ENERGIA|ENERGIA.*DISTRIBUI|DI/; CVM: Energia Elétrica
32681371,VIX LOGISTICA S/A,airports_ports_logistics,manual,medium,0.005325316936749072,VIX logistics/fleet
33050196,COMPANHIA PAULISTA DE FORCA E LUZ,utilities_distribution,manual,high,0.005286339319645694,CPFL Paulista
08324196,COMPANHIA ENERGETICA DO RIO GRANDE DO NORTE-COSERN,utilities_distribution,manual,high,0.005247361702542315,Cosern
02502844,RUMO MALHA PAULISTA S/A,railways,manual,high,0.005125556649094257,Rumo Malha Paulista
76484013,COMPANHIA DE SANEAMENTO  DO PARANA - SANEPAR,sanitation,cvm,medium,0.005081706829852957,"CVM: Saneamento, Serv. Água e Gás"
31748174,VERO S.A.,telecom,cvm,medium,0.00489656314861191,CVM: Telecomunicações
02387241,RUMO S.A.,railways,manual,high,0.004886818744336065,Rumo
04172213,COMPANHIA PIRATININGA DE FORCA E LUZ,utilities_distribution,manual,high,0.004852713329370609,CPFL Piratininga
92802784,COMPANHIA RIOGRANDENSE DE SANEAMENTO - CORSAN,sanitation,cvm,medium,0.004779630297301774,"CVM: Saneamento, Serv. Água e Gás"
34274233,VIBRA ENERGIA S.A,fuel_distribution,manual,high,0.004594486616060727,Vibra
16404287,SUZANO S.A.,pulp_paper,cvm,medium,0.004560381201095271,CVM: Papel e Celulose
01616929,SANEAMENTO DE GOIAS S/A,sanitation,cvm,medium,0.004531147988267737,"CVM: Saneamento, Serv. Água e Gás"
02286479,LOCALIZA FLEET S/A,car_rental_fleet,manual,high,0.004506786977578126,Localiza Fleet
12648327,HIDROVIAS DO BRASIL S.A.,airports_ports_logistics,manual,high,0.0045019147754402035,Hidrovias do Brasil - override [issuer override]
60894730,USINAS SIDERURGICAS DE MG S/A - USIMINAS,steel_metals,cvm,medium,0.004462937158336825,CVM: Metalurgia e Siderurgia [issuer override]
33958695,UNIPAR CARBOCLORO S/A,petrochemicals,manual,high,0.00445319275406098,Unipar - override [issuer override]
00389481,LM TRANSPORTES INTERESTADUAIS SERVICOS E COMERCIO S.A.,car_rental_fleet,manual,medium,0.004423959541233447,LM Frotas fleet outsourcing
07415333,SIMPAR S.A.,holding_diversified,manual,high,0.004419087339095525,Simpar (Movida/Vamos/JSL) - override [issuer override]
60840055,FLEURY S/A,healthcare,cvm,medium,0.004326515498475,CVM: Serviços Médicos
42276907,VLI MULTIMODAL S.A.,railways,manual,high,0.004277793477095778,VLI
33042730,COMPANHIA SIDERURGICA NACIONAL,steel_metals,cvm,medium,0.004180349434337332,CVM: Metalurgia e Siderurgia [issuer override]
09095183,ENERGISA PARAIBA - DISTRIBUIDORA DE ENERGIA S/A,utilities_distribution,name_rule,high,0.004131627412958108,rule /DISTRIBUI.*ENERGIA|ENERGIA.*DISTRIBUI|DI/; CVM: Energia Elétrica
04739720,USINA TERMELETRICA PAMPA SUL S.A.,utilities_generation_thermal,manual,high,0.004053672178751352,Pampa Sul coal - override [issuer override]
07040108,COMPANHIA DE AGUA E ESGOTO DO CEARA - CAGECE,sanitation,cvm,medium,0.004034183370199663,"CVM: Saneamento, Serv. Água e Gás"
33000167,PETROLEO BRASILEIRO S/A - PETROBRAS,oil_gas,manual,high,0.003995205753096284,Petrobras
28201130,ENERGISA TRANSMISSAO DE ENERGIA S.A.,utilities_transmission,manual,high,0.003970844742406673,Energisa Transmissao
61156113,IOCHPE-MAXION S/A,other,manual,medium,0.0038928895081999162,Iochpe-Maxion auto/truck wheels (capital goods)
19699063,MATA DE SANTA GENEBRA TRANSMISSAO S/A,utilities_transmission,name_rule,high,0.003790573263303548,rule /TRANSMISSOR|TRANSMISSAO|INTERLIGACAO ELE/
02302100,EDP SAO PAULO DISTRIBUICAO DE ENERGIA S/A,utilities_distribution,name_rule,high,0.003761340050476014,rule /DISTRIBUI.*ENERGIA|ENERGIA.*DISTRIBUI|DI/; CVM: Energia Elétrica
33592510,VALE S/A,mining,cvm,medium,0.003727234635510558,CVM: Extração Mineral
07594978,SMARTFIT ESCOLA DE GINASTICA E DANCA S/A,other,manual,medium,0.0036882570184071798,Smart Fit gyms
07047251,COMPANHIA ENERGETICA DO CEARA-COELCE,utilities_distribution,manual,high,0.0036833848162692575,Coelce
51218147,IGUATEMI EMPRESA DE SHOPPING CENTERS S.A,real_estate,manual,high,0.003629790592752112,Iguatemi malls
75609123,UNIDAS LOCACOES E SERVICOS S/A,car_rental_fleet,manual,high,0.0036151739863383454,Unidas (Localiza)
10647979,CONCESSIONARIA ROTA DAS BANDEIRAS S/A,toll_roads,name_rule,high,0.0035518353585453554,rule /RODOVI|AUTOPISTA|CONCESSIONARIA|\bVIA\b|/; CVM: Serviços Transporte e Logística
89086144,RANDONCORP S.A.,other,manual,medium,0.003532346549993666,Randoncorp truck trailers/parts (capital goods)
92715812,CPFL TRANSMISSAO S.A.,utilities_transmission,manual,high,0.0034836245286144433,CPFL Transmissao
61695227,ELETROPAULO METROPOL. ELETR. DE S.P. S/A,utilities_distribution,manual,high,0.0034543913157869094,Enel SP
24743678,ECHOENERGIA PARTICIPACOES S/A,utilities_generation_renewables,manual,high,0.0034397747093731423,Echoenergia wind
00242184,ARMAC LOCACAO LOGISTICA E SERVICOS S.A.,trucking_equipment_rental,manual,high,0.003400797092269764,Armac
09346601,B3 S.A. - BRASIL BOLSA BALCAO,banks_financials,cvm,medium,0.0033959248901318418,CVM: Bolsas de Valores/Mercadorias e Futuros
08336783,CELESC DISTRIBUICAO S.A.,utilities_distribution,manual,high,0.0033861804858559973,Celesc D
61532644,ITAUSA S/A,banks_financials,cvm,medium,0.0033423306666146963,CVM: Emp. Adm. Part. - Intermediação Financeira
24396489,BRK AMBIENTAL PARTICIPACOES S/A,sanitation,cvm,medium,0.003313097453787163,"CVM: Emp. Adm. Part. - Saneamento, Serv. Água e Gás"
02451848,CONCESSIONARIA DO SISTEMA ANHANGUERA-BANDEIRANTES S/A,toll_roads,name_rule,high,0.0031912924003391053,rule /RODOVI|AUTOPISTA|CONCESSIONARIA|\bVIA\b|/; CVM: Serviços Transporte e Logística
03279285,ORIZON MEIO AMBIENTE S.A.,sanitation,cvm,medium,0.0031328259746840376,"CVM: Saneamento, Serv. Água e Gás"
02800026,COGNA EDUCACAO S.A,education,cvm,medium,0.0031084649639944264,CVM: Emp. Adm. Part. - Educação
33541368,COMPANHIA HIDRO ELETRICA DO SAO FRANCISCO - CHESF,utilities_generation_hydro,manual,high,0.0030694873468910477,Chesf
08402943,GUARARAPES CONFECCOES S.A..,textiles_apparel,cvm,medium,0.0030353819319255916,CVM: Têxtil e Vestuário
03220438,EQUATORIAL ENERGIA S.A.,utilities_distribution,manual,high,0.002986659910546369,Equatorial (distribution-dominant)
04601397,BRISANET SERVICOS DE TELECOMUNICACOES S.A.,telecom,cvm,medium,0.0029428100913050682,CVM: Telecomunicações
02016507,AXIA ENERGIA SUL S.A.,utilities_generation_hydro,manual,medium,0.0029330656870292233,Axia Sul (ex-Eletrosul)
12009135,ALIANCA GERACAO DE ENERGIA S/A,utilities_generation_hydro,manual,high,0.0028843436656500005,Alianca Geracao (hydro)
05965546,COMPANHIA DE ELETRICIDADE DO AMAPA - CEA,utilities_distribution,manual,high,0.002825877239994933,CEA Amapa
42310775,AGUAS DO RIO 1 SPE S.A,sanitation,cvm,medium,0.002811260633581166,"CVM: Saneamento, Serv. Água e Gás"
04895728,EQUATORIAL PARA DISTRIBUIDORA DE ENERGIA S.A.,utilities_distribution,name_rule,high,0.0028015162293053212,rule /DISTRIBUI.*ENERGIA|ENERGIA.*DISTRIBUI|DI/; CVM: Energia Elétrica
82508433,COMPANHIA CATARINENSE DE AGUAS E SANEAMENTO - CASAN,sanitation,cvm,medium,0.0028015162293053212,"CVM: Saneamento, Serv. Água e Gás"
42644220,AGUAS DO RIO 4 SPE S.A,sanitation,cvm,medium,0.0027820274207536323,"CVM: Saneamento, Serv. Água e Gás"
64904295,CAMIL ALIMENTOS S/A,food_beverages,cvm,medium,0.0027576664100640207,CVM: Alimentos [issuer override]
09114805,OCEANPACT SERVICOS MARITIMOS S.A.,oil_gas,manual,high,0.0027235609950985646,OceanPact offshore services [issuer override]
45242914,C E A MODAS S.A.,textiles_apparel,cvm,medium,0.002669966771581419,CVM: Têxtil e Vestuário
07816890,MULTIPLAN EMPREENDIMENTOS IMOBILIARIOS S/A,real_estate,manual,high,0.0026504779630297302,Multiplan malls
07282377,ENERGISA SUL-SUDESTE - DISTRIBUIDORA DE ENERGIA SA,utilities_distribution,name_rule,high,0.0026212447502021964,rule /DISTRIBUI.*ENERGIA|ENERGIA.*DISTRIBUI|DI/; CVM: Energia Elétrica
00357038,CENTRAIS ELETRICAS DO NORTE DO BRASIL S/A - ELETRONORTE,utilities_generation_hydro,manual,high,0.0025968837395125848,Eletronorte
60444437,LIGHT SERVICOS DE ELETRICIDADE S/A,utilities_distribution,manual,high,0.002577394930960896,Light
35764708,BRASIL TECNOLOGIA E PARTICIPACAO S.A.,telecom,manual,high,0.0024750786860645276,Brasil TecPar ISP
40432544,CLARO S/A,telecom,cvm,medium,0.0024361010689611493,CVM: Telecomunicações
03025305,RODOVIAS DAS COLINAS S.A,toll_roads,name_rule,high,0.0024312288668232266,rule /RODOVI|AUTOPISTA|CONCESSIONARIA|\bVIA\b|/; CVM: Serviços Transporte e Logística
06248349,TRANSPORTADORA ASSOCIADA DE GAS S.A. - TAG,utilities_transmission,manual,high,0.0024117400582715377,"TAG gas pipeline, ship-or-pay"
25369840,COMERC ENERGIA S.A.,utilities_generation_renewables,manual,medium,0.002401995653995693,Comerc (DG solar + trading)
08170849,DESKTOP S/A,telecom,cvm,medium,0.0023386570262027033,CVM: Telecomunicações
27157474,AGUAS DE TERESINA SANEAMENTO  SPE  S.A.,sanitation,cvm,medium,0.0023337848240647806,"CVM: Saneamento, Serv. Água e Gás"
10531501,CONCESSIONARIA AUTO RAPOSO TAVARES S/A,toll_roads,name_rule,high,0.002324040419788936,rule /RODOVI|AUTOPISTA|CONCESSIONARIA|\bVIA\b|/; CVM: Serviços Transporte e Logística
27093558,MILLS LOCACAO SERVICOS E LOGISTICA SA,trucking_equipment_rental,manual,high,0.002319168217651014,Mills
61190096,EUROFARMA LABORATORIOS S.A,healthcare,cvm,medium,0.002260701791995946,CVM: Farmacêutico e Higiene [issuer override]
08294224,JHSF PARTICIPACOES S/A,real_estate,manual,high,0.002260701791995946,JHSF
25086034,ENERGISA TOCANTINS DISTRIBUIDORA DE ENERGIA S/A,utilities_distribution,name_rule,high,0.0022168519727546456,rule /DISTRIBUI.*ENERGIA|ENERGIA.*DISTRIBUI|DI/
06981176,CEMIG GERACAO E TRANSMISSAO S/A,utilities_generation_hydro,manual,high,0.0022168519727546456,Cemig GT
06272793,EQUATORIAL MARANHAO DISTRIBUIDORA DE ENERGIA S.A,utilities_distribution,name_rule,high,0.0021778743556512673,rule /DISTRIBUI.*ENERGIA|ENERGIA.*DISTRIBUI|DI/; CVM: Energia Elétrica
13642699,AGRO INDUSTRIAS DO VALE DO SAO FRANCISCO SA - AGROVALE,sugar_ethanol,manual,high,0.002138896738547889,Agrovale sugar/ethanol
42150391,BRASKEM S/A,petrochemicals,cvm,medium,0.002075558110754899,CVM: Petroquímicos e Borracha
21389501,COMPASS GAS E ENERGIA S.A,utilities_distribution,manual,high,0.002075558110754899,Compass gas distribution
08343492,MRV ENGENHARIA E PARTICIPACOES S.A.,real_estate,cvm,medium,0.0020463248979273652,"CVM: Construção Civil, Mat. Constr. e Decoração"
06347409,SBF COMERCIO DE PRODUTOS ESPORTIVOS S.A.,retail,manual,high,0.0020365804936515208,SBF/Centauro
60855574,ACUCAREIRA QUATA S/A,sugar_ethanol,name_rule,medium,0.002031708291513598,rule /ACUCAR|ALCOOL|ETANOL|BIOENERG|SUCROENERG/
09313969,AUTOPISTA LITORAL SUL S/A.,toll_roads,name_rule,high,0.0020219638872377536,rule /RODOVI|AUTOPISTA|CONCESSIONARIA|\bVIA\b|/; CVM: Serviços Transporte e Logística
12647827,RDA IMPORTACAO EXPORTACAO E SERVICOS S.A.,other,name_rule,low,0.0020170916850998314,no rule matched
03342704,PETRORECONCAVO S.A.,oil_gas,manual,high,0.002012219482961909,PetroReconcavo [issuer override]
08902291,CSN MINERACAO S.A.,mining,cvm,medium,0.0020024750786860647,CVM: Extração Mineral
02762121,SANTOS BRASIL PARTICIPACOES S/A,airports_ports_logistics,manual,high,0.001997602876548142,Santos Brasil container terminal [issuer override]
25176391,ENEL GREEN POWER VOLTA GRANDE S.A,utilities_generation_hydro,manual,high,0.0019586252594447637,Volta Grande hydro
03207703,CONCESSIONARIA DE RODOVIAS DO INTERIOR PAULISTA S/A,toll_roads,name_rule,high,0.0019488808551689192,rule /RODOVI|AUTOPISTA|CONCESSIONARIA|\bVIA\b|/; CVM: Serviços Transporte e Logística
03497792,RODOVIAS INTEGRADAS DO OESTE S/A,toll_roads,name_rule,high,0.0019196476423413854,rule /RODOVI|AUTOPISTA|CONCESSIONARIA|\bVIA\b|/
06626253,EMPREENDIMENTOS PAGUE MENOS S/A,retail,manual,high,0.0019147754402034632,Pague Menos pharmacy
25005683,VERT COMPANHIA  SECURITIZADORA,banks_financials,cvm,medium,0.0018563090145483957,CVM: Securitização de Recebíveis
40263170,SOLVI ESSENCIS AMBIENTAL S.A.,sanitation,cvm,medium,0.0018514368124104732,"CVM: Saneamento, Serv. Água e Gás"
23438929,ALARES INTERNET PARTICIPACOES S/A,telecom,cvm,medium,0.001831948003858784,CVM: Emp. Adm. Part. - Telecomunicações
38042694,TRAVESSIA SECURITIZADORA DE CREDITOS FINANCEIROS S.A,banks_financials,cvm,medium,0.001797842588893328,CVM: Securitização de Recebíveis
71673990,NATURA COSMETICOS S/A,other,manual,medium,0.0017734815782037166,Natura cosmetics (consumer goods)
04416935,EMPRESA AMAZONENSE DE TRANSMISSAO DE ENERGIA S.A.,utilities_transmission,name_rule,high,0.001763737173927872,rule /TRANSMISSOR|TRANSMISSAO|INTERLIGACAO ELE/
15440708,CONCESSIONARIA VIARIO S.A.,toll_roads,name_rule,high,0.001763737173927872,rule /RODOVI|AUTOPISTA|CONCESSIONARIA|\bVIA\b|/; CVM: Emp. Adm. Part. - Serviços Transporte e Logística
12648266,AMBIPAR PARTICIPACOES E EMPREENDIMENTOS S/A,other,manual,medium,0.001763737173927872,Ambipar environmental/emergency services
28152650,EDP ESPIRITO SANTO DISTRIBUICAO DE ENERGIA SA,utilities_distribution,name_rule,high,0.0017588649717899497,rule /DISTRIBUI.*ENERGIA|ENERGIA.*DISTRIBUI|DI/; CVM: Energia Elétrica
02509491,CONCESSIONARIA ECOVIAS DOS IMIGRANTES S.A.,toll_roads,name_rule,high,0.0017588649717899497,rule /RODOVI|AUTOPISTA|CONCESSIONARIA|\bVIA\b|/; CVM: Serviços Transporte e Logística
04089570,AGUAS GUARIROBA  S/A,sanitation,cvm,medium,0.0017296317589624158,"CVM: Saneamento, Serv. Água e Gás"
16676520,HOSPITAL MATER DEI S.A.,healthcare,cvm,medium,0.0017247595568244936,CVM: Serviços Médicos
51466860,SAO MARTINHO S/A,sugar_ethanol,cvm,medium,0.001685781939721115,"CVM: Agricultura (Açúcar, Álcool e Cana)"
10841050,CONCESSIONARIA DAS RODOVIAS AYRTON SENNA E CARVALHO PINTO S/A - ECOPISTAS,toll_roads,name_rule,high,0.0016126989076522807,rule /RODOVI|AUTOPISTA|CONCESSIONARIA|\bVIA\b|/; CVM: Serviços Transporte e Logística
08807432,YDUQS PARTICIPACOES S.A,education,cvm,medium,0.0016078267055143584,CVM: Emp. Adm. Part. - Educação
32021201,ORIGEM ENERGIA S.A.,oil_gas,manual,high,0.001602954503376436,Origem gas E&P [issuer override]
02773542,OPEA SECURITIZADORA S/A,banks_financials,cvm,medium,0.0015639768862730577,CVM: Securitização de Recebíveis
05914650,ENERGISA RONDONIA - DISTRIBUIDORA DE ENERGIA S/A,utilities_distribution,name_rule,high,0.0015542324819972132,rule /DISTRIBUI.*ENERGIA|ENERGIA.*DISTRIBUI|DI/
01083200,NEOENERGIA S/A,utilities_distribution,manual,high,0.0015493602798592907,Neoenergia (distribution-dominant)
13017462,ENERGISA SERGIPE - DISTRIBUIDORA DE ENERGIA S/A,utilities_distribution,name_rule,high,0.0015493602798592907,rule /DISTRIBUI.*ENERGIA|ENERGIA.*DISTRIBUI|DI/; CVM: Energia Elétrica
23096269,RIO PARANA ENERGIA S/A,utilities_generation_hydro,manual,high,0.0015249992691696794,Rio Parana (CTG)
50376938,USINA SANTA ADELIA S.A.,sugar_ethanol,name_rule,medium,0.0015201270670317571,rule /ACUCAR|ALCOOL|ETANOL|BIOENERG|SUCROENERG/
05878397,ALLOS S.A.,real_estate,manual,high,0.0015152548648938347,Allos malls
10319900,REGENERA RIO S.A,sanitation,cvm,medium,0.0015103826627559124,"CVM: Saneamento, Serv. Água e Gás"
07522669,NEOENERGIA DISTRIBUICAO BRASILIA S.A,utilities_distribution,manual,high,0.0015006382584800677,Neoenergia Brasilia
61585865,RAIA DROGASIL S/A,retail,manual,high,0.0014811494499283786,RD pharmacy
42353180,IGUA RIO DE JANEIRO S.A.,sanitation,cvm,medium,0.0014762772477904564,"CVM: Emp. Adm. Part. - Saneamento, Serv. Água e Gás"
26664057,ENTREVIAS CONCESSIONARIA DE RODOVIAS S.A,toll_roads,name_rule,high,0.0014665328435146117,rule /RODOVI|AUTOPISTA|CONCESSIONARIA|\bVIA\b|/; CVM: Serviços Transporte e Logística
09288252,ANIMA HOLDING S/A,education,cvm,medium,0.0014616606413766894,CVM: Educação
03853896,MARFRIG GLOBAL FOODS S.A.,agribusiness_protein,manual,high,0.0014616606413766894,Marfrig - override [issuer override]
06220197,COMPANHIA AGUAS DE ITAPEMA,sanitation,name_rule,high,0.0014567884392387672,rule /SANEAMENTO|\bAGUAS?\b|ESGOTO|AMBIENTAL|R/
60933603,CESP - COMPANHIA ENERGETICA DE SAO PAULO,utilities_generation_hydro,manual,high,0.0014421718328250003,CESP
12420164,CM HOSPITALAR S.A.,healthcare,manual,high,0.0014421718328250003,CM Hospitalar distribution
19527639,ENERGISA MINAS RIO - DISTRIBUIDORA DE ENERGIA S.A.,utilities_distribution,name_rule,high,0.0014421718328250003,rule /DISTRIBUI.*ENERGIA|ENERGIA.*DISTRIBUI|DI/; CVM: Energia Elétrica
02041460,V.TAL - REDE NEUTRA DE TELECOMUNICACOES S.A.,telecom,cvm,medium,0.001437299630687078,CVM: Telecomunicações
01027058,CIELO S.A - INSTITUICAO DE PAGAMENTO,banks_financials,cvm,medium,0.0014324274285491556,CVM: Intermediação Financeira
84684455,TIGRE S.A PARTICIPACOES,cement_construction_materials,manual,high,0.0014275552264112334,Tigre - override [issuer override]
11992680,QUALICORP CONSULTORIA E CORRETORA DE SEGUROS S.A.,healthcare,manual,high,0.0014129386199974664,Qualicorp health benefits
01637895,VOTORANTIM CIMENTOS S/A,cement_construction_materials,manual,high,0.0014080664178595442,Votorantim Cimentos
27902165,HIGHLINE DO BRASIL II INFRAESTRUTURA DE TELECOMUNICACOES S.A,telecom,cvm,medium,0.0013983220135836995,CVM: Telecomunicações
07714104,GIGA MAIS FIBRA TELECOMUNICACOES S.A.,telecom,cvm,medium,0.0013788332050320103,CVM: Telecomunicações
17314329,INTERNATIONAL MEAL COMPANY ALIMENTACAO S/A,food_beverages,cvm,medium,0.0013739610028940881,CVM: Alimentos [issuer override]
12272084,EQUATORIAL ALAGOAS DISTRIBUIDORA DE ENERGIA S.A.,utilities_distribution,name_rule,high,0.0013690888007561659,rule /DISTRIBUI.*ENERGIA|ENERGIA.*DISTRIBUI|DI/
44330975,COLOMBO AGROINDUSTRIA SA,sugar_ethanol,name_rule,medium,0.001354472194342399,rule /ACUCAR|ALCOOL|ETANOL|BIOENERG|SUCROENERG/
13574594,ZAMP S.A.,food_beverages,cvm,medium,0.0013447277900665543,CVM: Alimentos [issuer override]
28594234,AUREN ENERGIA S.A.,utilities_generation_hydro,manual,medium,0.0013447277900665543,Auren (hydro + wind)
47508411,COMPANHIA BRASILEIRA DE DISTRIBUICAO,retail,manual,high,0.0013349833857907096,GPA
84683374,TUPY S/A,steel_metals,manual,low,0.0013301111836527873,Tupy castings (pig iron/scrap pass-through)
02558157,TELEFONICA BRASIL S/A,telecom,cvm,medium,0.0013252389815148651,CVM: Telecomunicações
22261473,COMPANHIA DE GAS DE MINAS GERAIS GASMIG,utilities_distribution,manual,high,0.0012960057686873313,Gasmig
01317277,ITAPOA TERMINAIS PORTUARIOS S.A.,airports_ports_logistics,manual,high,0.0012862613644114868,Itapoa port
33376989,IRB BRASIL RESSEGUROS S/A,banks_financials,cvm,medium,0.0012667725558597974,CVM: Seguradoras e Corretoras
09584854,MANAUS TRANSMISSORA DE ENERGIA S/A,utilities_transmission,name_rule,high,0.0012375393430322638,rule /TRANSMISSOR|TRANSMISSAO|INTERLIGACAO ELE/; CVM: Energia Elétrica
33113309,VALID SOLUCOES S/A,technology,cvm,medium,0.0012375393430322638,CVM: Comunicação e Informática
42165941,POTENGI HOLDINGS S.A.,utilities_generation_renewables,manual,low,0.0012326671408943413,"Potengi (wind, assumed)"
02255187,UNIFIQUE TELECOMUNICACOES S.A.,telecom,cvm,medium,0.0012326671408943413,CVM: Emp. Adm. Part. - Telecomunicações
34395916,V2I ENERGIA S.A.,utilities_transmission,manual,low,0.0012326671408943413,V2I (Vinci) transmission
15286382,MATRINCHA TRANSMISSORA DE ENERGIA TP NORTE S/A,utilities_transmission,name_rule,high,0.0012326671408943413,rule /TRANSMISSOR|TRANSMISSAO|INTERLIGACAO ELE/
08364948,ALUPAR INVESTIMENTO S/A,utilities_transmission,manual,high,0.001227794938756419,Alupar
04626426,BTG PACTUAL COMMODITIES SERTRADING SA,agribusiness_grains,manual,low,0.001227794938756419,BTG commodities trading
09325109,AUTOPISTA PLANALTO SUL S/A,toll_roads,name_rule,high,0.001227794938756419,rule /RODOVI|AUTOPISTA|CONCESSIONARIA|\bVIA\b|/; CVM: Serviços Transporte e Logística
08213823,AURA ALMAS MINERACAO S.A.,mining,manual,high,0.0012229227366184969,Aura gold - override [issuer override]
04973790,CPFL COMERCIALIZACAO BRASIL S/A,other,manual,medium,0.0012229227366184969,CPFL energy trader
15578569,CONCESSIONARIA DO AEROPORTO INTERNACIONAL DE GUARULHOS S.A.,airports_ports_logistics,manual,high,0.0012180505344805746,GRU Airport
20223016,BELO MONTE TRANSMISSORA DE ENERGIA SPE S.A.,utilities_transmission,name_rule,high,0.0012034339280668077,rule /TRANSMISSOR|TRANSMISSAO|INTERLIGACAO ELE/
41508382,RODOVIAS DO BRASIL HOLDING S.A.,toll_roads,manual,high,0.0011985617259288853,Rodovias do Brasil holding
24274124,ASSURUA 2 ENERGIA S.A.,utilities_generation_renewables,manual,medium,0.0011985617259288853,Assurua wind
10979076,CUTIA EMPREENDIMENTOS EOLICOS S.A.,utilities_generation_renewables,name_rule,high,0.0011985617259288853,rule /EOLIC|VENTOS|WIND|SOLAR|FOTOVOLTAIC|\bUF/
18494537,EMPRESA DE ENERGIA SAO MANOEL S.A.,utilities_generation_hydro,manual,high,0.0011985617259288853,Sao Manoel
47080619,TEREOS ACUCAR E ENERGIA BRASIL S.A.,sugar_ethanol,cvm,medium,0.0011888173216530408,"CVM: Agricultura (Açúcar, Álcool e Cana)"
14797436,DELTA 3 ENERGIA S.A,utilities_generation_renewables,manual,medium,0.001179072917377196,Delta wind (Serena)
43514079,CLI SUL S/A,airports_ports_logistics,manual,medium,0.001179072917377196,CLI Sul grain terminal
19527586,COMPANHIA ENERGETICA SINOP S.A,utilities_generation_hydro,manual,high,0.001179072917377196,Sinop
08070508,RAIZEN ENERGIA S/A,sugar_ethanol,manual,high,0.0011644563109634292,Raizen Energia (sugar/ethanol arm)
43545284,ALCOESTE BIOENERGIA FERNANDOPOLIS S A,sugar_ethanol,name_rule,medium,0.0011644563109634292,rule /ACUCAR|ALCOOL|ETANOL|BIOENERG|SUCROENERG/
08811643,TRISUL S/A,real_estate,cvm,medium,0.0011644563109634292,"CVM: Emp. Adm. Part. - Const. Civil, Mat. Const. e Decoração"
07802794,ESSENTIA PCHS S.A,utilities_generation_hydro,manual,high,0.0011644563109634292,Essentia PCHs
01691945,PARANAGUA SANEAMENTO S/A,sanitation,name_rule,high,0.0011547119066875847,rule /SANEAMENTO|\bAGUAS?\b|ESGOTO|AMBIENTAL|R/
21728083,TRANSMISSORA JOSE MARIA DE MACEDO ELETRICIDADE S.A.,utilities_transmission,name_rule,high,0.0011547119066875847,rule /TRANSMISSOR|TRANSMISSAO|INTERLIGACAO ELE/; CVM: Energia Elétrica
02639850,TVV TERMINAL DE VILA VELHA S.A.,airports_ports_logistics,manual,high,0.0011547119066875847,TVV port
01115535,TESC - TERMINAL SANTA CATARINA S/A,airports_ports_logistics,manual,high,0.0011547119066875847,TESC port
09336431,AUTOPISTA REGIS BITTENCOURT S/A,toll_roads,name_rule,high,0.0011547119066875847,rule /RODOVI|AUTOPISTA|CONCESSIONARIA|\bVIA\b|/; CVM: Serviços Transporte e Logística
08397078,GSH CORP PARTICIPACOES S.A.,healthcare,cvm,medium,0.0011498397045496623,CVM: Serviços Médicos
04705039,HORIZON TRANSMISSAO ES S.A.,utilities_transmission,name_rule,high,0.00114496750241174,rule /TRANSMISSOR|TRANSMISSAO|INTERLIGACAO ELE/
18903785,HOLDING DO ARAGUAIA S.A.,toll_roads,manual,medium,0.0011400953002738178,Holding do Araguaia (BR-153)
52548435,JSL S.A,airports_ports_logistics,manual,high,0.0011400953002738178,JSL road logistics
09041168,LOG COMMERCIAL PROPERTIES E PARTICIPACOES S/A,real_estate,cvm,medium,0.0011352230981358956,"CVM: Construção Civil, Mat. Constr. e Decoração"
42278473,WIZ SOLUCOES E CORRETAGEM DE SEGUROS S.A.,banks_financials,cvm,medium,0.001130350895997973,CVM: Seguradoras e Corretoras
15286437,GUARACIABA TRANSMISSORA DE ENERGIA TP SUL SA,utilities_transmission,name_rule,high,0.0011254786938600509,rule /TRANSMISSOR|TRANSMISSAO|INTERLIGACAO ELE/
60665981,UNIAO QUIMICA FARMACEUTICA NACIONAL S.A.,healthcare,cvm,medium,0.0011254786938600509,CVM: Farmacêutico e Higiene [issuer override]
02600854,TIM BRASIL SERVICOS E PARTICIPACOES S.A,telecom,cvm,medium,0.0011206064917221286,CVM: Telecomunicações
17875396,VENTOS DE SAO JORGE HOLDING S.A.,utilities_generation_renewables,name_rule,high,0.0011157342895842062,rule /EOLIC|VENTOS|WIND|SOLAR|FOTOVOLTAIC|\bUF/
20829557,COMPLEXO MORRINHOS ENERGIAS RENOVAVEIS S.A.,utilities_generation_renewables,manual,medium,0.001110862087446284,Morrinhos renewables
06977745,BR MALLS PARTICIPACOES S/A,real_estate,manual,high,0.001096245481032517,BR Malls
41644220,DB3 SERVICOS DE TELECOMUNICACOES S.A,telecom,name_rule,medium,0.001096245481032517,rule /TELECOM|FIBRA|TORRES|WINITY|TELEFONIA/
10324624,CONCESSAO METROVIARIA DO RIO DE JANEIRO S/A,toll_roads,manual,medium,0.0010865010767566725,MetroRio - urban transit concession
33611500,GERDAU S/A,steel_metals,cvm,medium,0.0010865010767566725,CVM: Metalurgia e Siderurgia [issuer override]
12300288,NORTE ENERGIA S/A,utilities_generation_hydro,manual,high,0.0010767566724808279,Norte Energia (Belo Monte)
08159965,IGUA SANEAMENTO S.A,sanitation,cvm,medium,0.0010718844703429056,"CVM: Saneamento, Serv. Água e Gás"
26845460,VALE DO SERTAO TRANSMISSORA DE ENERGIA S.A.,utilities_transmission,name_rule,high,0.0010670122682049834,rule /TRANSMISSOR|TRANSMISSAO|INTERLIGACAO ELE/
15385166,EQUIPAV SANEAMENTO S.A.,sanitation,cvm,medium,0.0010572678639291387,"CVM: Saneamento, Serv. Água e Gás"
32431519,HELIO VALGAS SOLAR PARTICIPACOES S.A.,utilities_generation_renewables,name_rule,high,0.0010572678639291387,rule /EOLIC|VENTOS|WIND|SOLAR|FOTOVOLTAIC|\bUF/; CVM: Energia Elétrica
13799190,CONCESSIONARIA ROTA DO ATLANTICO S.A.,toll_roads,name_rule,high,0.001047523459653294,rule /RODOVI|AUTOPISTA|CONCESSIONARIA|\bVIA\b|/
16614075,DIRECIONAL ENGENHARIA S/A,real_estate,cvm,medium,0.001047523459653294,"CVM: Construção Civil, Mat. Constr. e Decoração"
12104241,ONCOCLINICAS DO BRASIL SERVICOS MEDICOS  S.A.,healthcare,cvm,medium,0.001047523459653294,CVM: Serviços Médicos
44067725,VIA BRASIL BR 163 CONCESSIONARIA DE RODOVIAS S.A.,toll_roads,name_rule,high,0.0010426512575153718,rule /RODOVI|AUTOPISTA|CONCESSIONARIA|\bVIA\b|/; CVM: Serviços Transporte e Logística
02013199,CONCESSIONARIA AGUAS DE JUTURNAIBA S/A,sanitation,name_rule,high,0.0010426512575153718,rule /SANEAMENTO|\bAGUAS?\b|ESGOTO|AMBIENTAL|R/
23274194,FURNAS CENTRAIS ELETRICAS S/A,utilities_generation_hydro,manual,high,0.0010426512575153718,Furnas
36030967,ENGIE SOLUCOES CIDADES INTELIGENTES E INFRAESTRUTURA DE UBERLANDIA S.A,other,manual,medium,0.0010426512575153718,Engie smart-city/public-lighting PPP
06147451,CALAMO DISTRIBUIDORA DE PRODUTOS DE BELEZA S.A.,retail,manual,medium,0.0010377790553774495,Calamo beauty distribution
12229415,S/A USINA CORURIPE ACUCAR E ALCOOL,sugar_ethanol,name_rule,medium,0.0010377790553774495,rule /ACUCAR|ALCOOL|ETANOL|BIOENERG|SUCROENERG/
17553029,PARANAIBA TRANSMISSORA DE ENERGIA S.A.,utilities_transmission,name_rule,high,0.0010182902468257604,rule /TRANSMISSOR|TRANSMISSAO|INTERLIGACAO ELE/
35714529,TUCANO HOLDING III S.A,utilities_generation_renewables,manual,medium,0.0010182902468257604,Tucano wind (AES)
53113791,TOTVS SA,technology,cvm,medium,0.001013418044687838,CVM: Comunicação e Informática
42596330,RDVE SUBHOLDING S.A.,holding_diversified,name_rule,low,0.000998801438274071,generic holding/participacoes name
12528708,AERIS INDUSTRIA E COMERCIO DE EQUIPAMENTOS PARA GERACAO DE ENERGIA S.A.,other,manual,medium,0.0009939292361361488,Aeris wind blades (capital goods)
36619747,FIBRASIL INFRAESTRUTURA E FIBRA OTICA S.A.,telecom,name_rule,medium,0.0009939292361361488,rule /TELECOM|FIBRA|TORRES|WINITY|TELEFONIA/
62070362,COMPANHIA DO METROPOLITANO DE SAO PAULO - METRO,toll_roads,manual,medium,0.0009939292361361488,Metro SP - urban transit
35865649,VENTOS DE SAO LUCIO I ENERGIAS RENOVAVEIS S.A.,utilities_generation_renewables,name_rule,high,0.0009890570339982265,rule /EOLIC|VENTOS|WIND|SOLAR|FOTOVOLTAIC|\bUF/
67620377,MINERVA S/A,agribusiness_protein,manual,high,0.0009890570339982265,Minerva - override [issuer override]
27352303,UHE SAO SIMAO ENERGIA S/A,utilities_generation_hydro,name_rule,medium,0.0009793126297223819,rule /\bUHE\b|HIDRELETRICA|HIDRO ELETRICA|\bPC/
35522178,COMPANHIA SECURITIZADORA DE CREDITOS FINANCEIROS CARTOES CONSIGNADOS II,banks_financials,cvm,medium,0.0009793126297223819,CVM: Securitização de Recebíveis
47960950,MAGAZINE LUIZA S/A,retail,manual,high,0.0009793126297223819,Magalu
13504675,EMPRESA BAIANA DE AGUAS E SANEAMENTO SA,sanitation,name_rule,high,0.0009744404275844596,rule /SANEAMENTO|\bAGUAS?\b|ESGOTO|AMBIENTAL|R/
04986320,SER EDUCACIONAL S/A,education,cvm,medium,0.0009744404275844596,CVM: Educação
05336882,CACHOEIRA PAULISTA TRANSMISSORA DE ENERGIA S.A.,utilities_transmission,name_rule,high,0.0009744404275844596,rule /TRANSMISSOR|TRANSMISSAO|INTERLIGACAO ELE/; CVM: Energia Elétrica
23318135,COPACABANA GERACAO DE ENERGIA E PARTICIPACOES S.A.,utilities_generation_renewables,name_rule,low,0.0009695682254465373,rule /ENERGIA|ENERGY|GERACAO|GERADORA/
20514555,ARGO VI TRANSMISSAO DE ENERGIA S.A,utilities_transmission,name_rule,high,0.0009695682254465373,rule /TRANSMISSOR|TRANSMISSAO|INTERLIGACAO ELE/; CVM: Energia Elétrica
02382073,PROLAGOS S/A - CONCESSIONARIA DE SERVICOS PUBLICOS DE AGUA E ESGOTO,sanitation,cvm,medium,0.0009695682254465373,"CVM: Saneamento, Serv. Água e Gás"
07779299,EDP TRANSMISSAO GOIAS S.A.,utilities_transmission,name_rule,high,0.0009500794168948481,rule /TRANSMISSOR|TRANSMISSAO|INTERLIGACAO ELE/
71476527,CONSTRUTORA TENDA S/A,real_estate,manual,high,0.0009500794168948481,Tenda homebuilder
61079117,ALPARGATAS S.A.,textiles_apparel,cvm,medium,0.0009403350126190035,CVM: Têxtil e Vestuário
09326342,AUTOPISTA FERNAO DIAS S/A,toll_roads,name_rule,high,0.0009354628104810812,rule /RODOVI|AUTOPISTA|CONCESSIONARIA|\bVIA\b|/; CVM: Serviços Transporte e Logística
35865638,VENTOS DE SAO JOAO XXIII ENERGIAS RENOVAVEIS S.A.,utilities_generation_renewables,name_rule,high,0.000930590608343159,rule /EOLIC|VENTOS|WIND|SOLAR|FOTOVOLTAIC|\bUF/
44854238,PARSAN S.A.,sanitation,cvm,medium,0.000930590608343159,"CVM: Saneamento, Serv. Água e Gás"
45024644,CAJUINA AB1 HOLDINGS S.A,utilities_generation_renewables,manual,medium,0.000915974001929392,Cajuina wind (AES)
06840748,EQUATORIAL PIAUI DISTRIBUIDORA DE ENERGIA S.A.,utilities_distribution,name_rule,high,0.0009062295976535475,rule /DISTRIBUI.*ENERGIA|ENERGIA.*DISTRIBUI|DI/
16603346,VENTOS DE SANTO ESTEVAO HOLDING S/A,utilities_generation_renewables,name_rule,high,0.0009062295976535475,rule /EOLIC|VENTOS|WIND|SOLAR|FOTOVOLTAIC|\bUF/
09074183,TRANSBRASILIANA CONCESSIONARIA DE RODOVIA S.A,toll_roads,name_rule,high,0.0008916129912397805,rule /RODOVI|AUTOPISTA|CONCESSIONARIA|\bVIA\b|/; CVM: Serviços Transporte e Logística
15114494,CORREDOR LOGISTICA E INFRAESTRUTURA S.A,airports_ports_logistics,manual,medium,0.0008867407891018583,Corredor Logistica grain terminal
09146451,KALLAS INCORPORACOES E CONSTRUCOES S.A.,real_estate,cvm,medium,0.0008867407891018583,"CVM: Construção Civil, Mat. Constr. e Decoração"
06267630,COMPANHIA BRASILEIRA DE EDUCACAO E SISTEMAS DE ENSINO S.A.,education,cvm,medium,0.0008769963848260136,CVM: Educação
48344725,ALTHAIA S.A. INDUSTRIA FARMACEUTICA,healthcare,cvm,medium,0.0008769963848260136,CVM: Farmacêutico e Higiene [issuer override]
12979552,SKINSTORE S.A.,retail,manual,low,0.0008721241826880914,Skinstore
05917486,LIVETECH DA BAHIA INDUSTRIA E COMERCIO S/A,technology,manual,medium,0.0008721241826880914,Livetech - override [issuer override]
26617923,JANAUBA TRANSMISSORA DE ENERGIA ELETRICA S.A.,utilities_transmission,name_rule,high,0.0008623797784122468,rule /TRANSMISSOR|TRANSMISSAO|INTERLIGACAO ELE/
17233151,AGEO LESTE TERMINAIS E ARMAZENS GERAIS S.A.,airports_ports_logistics,name_rule,medium,0.0008575075762743245,rule /PORTUARI|CONTEINERES|TERMINA(L|IS)|\bPOR/
37070559,IP SUL CONCESSIONARIA DE ILUMINACAO PUBLICA S.A.,other,name_rule,medium,0.0008428909698605575,rule /ILUMINACAO|ILUMINA |IL\. ?PUB|\bQLUZ\b/
14292540,BRAZIL TOWER CESSAO DE INFRA-ESTRUTURAS S.A.,telecom,cvm,medium,0.0008428909698605575,CVM: Telecomunicações
02421421,TIM S.A.,telecom,cvm,medium,0.0008282743634467907,CVM: Telecomunicações
05104205,CONFLUENCIA ENERGIA S/A,utilities_generation_hydro,manual,low,0.0008234021613088684,"Confluencia (small hydro, assumed)"
37606330,APOLLO 17 PARTICIPACOES S.A,holding_diversified,name_rule,low,0.000818529959170946,generic holding/participacoes name
39578864,PROJETO LAKE S.A,other,name_rule,low,0.000818529959170946,no rule matched
20512706,VITRU BRASIL EMPREENDIMENTOS PARTICIPACOES E COMERCIO SA,education,cvm,medium,0.000818529959170946,CVM: Educação
08822767,CONCESSIONARIA DA RODOVIA MG-050 S.A.,toll_roads,name_rule,high,0.0008136577570330238,rule /RODOVI|AUTOPISTA|CONCESSIONARIA|\bVIA\b|/; CVM: Serviços Transporte e Logística
54846951,FERRARI AGROINDUSTRIA S/A,sugar_ethanol,name_rule,medium,0.0008087855548951015,rule /ACUCAR|ALCOOL|ETANOL|BIOENERG|SUCROENERG/
12282034,USINA CAETE   S.A.,sugar_ethanol,name_rule,medium,0.0008087855548951015,rule /ACUCAR|ALCOOL|ETANOL|BIOENERG|SUCROENERG/
27831352,EDP TRANSMISSAO ALIANCA SC S.A.,utilities_transmission,name_rule,high,0.0007941689484813346,rule /TRANSMISSOR|TRANSMISSAO|INTERLIGACAO ELE/
34623550,TUCANO HOLDING II S.A,utilities_generation_renewables,manual,medium,0.0007941689484813346,Tucano wind (AES)
24624490,ARGO TRANSMISSAO DE ENERGIA S.A.,utilities_transmission,name_rule,high,0.0007892967463434123,rule /TRANSMISSOR|TRANSMISSAO|INTERLIGACAO ELE/; CVM: Energia Elétrica
02998301,RIO PARANAPANEMA ENERGIA S/A,utilities_generation_hydro,manual,high,0.0007892967463434123,Rio Paranapanema (CTG)
58070452,IGUA SERGIPE S.A.,sanitation,cvm,medium,0.00078442454420549,"CVM: Emp. Adm. Part. - Saneamento, Serv. Água e Gás"
49314049,CONCESSIONARIA DE RODOVIAS NOROESTE PAULISTA S.A.,toll_roads,name_rule,high,0.00078442454420549,rule /RODOVI|AUTOPISTA|CONCESSIONARIA|\bVIA\b|/; CVM: Serviços Transporte e Logística
35593905,CONCESSIONARIA ECOVIAS DO CERRADO S.A.,toll_roads,name_rule,high,0.0007746801399296454,rule /RODOVI|AUTOPISTA|CONCESSIONARIA|\bVIA\b|/; CVM: Serviços Transporte e Logística
04591168,FOZ  DO CHAPECO ENERGIA S.A.,utilities_generation_hydro,manual,high,0.0007698079377917231,Foz do Chapeco
08793343,BIOENERGETICA VALE DO PARACATU S/A.,sugar_ethanol,name_rule,medium,0.0007698079377917231,rule /ACUCAR|ALCOOL|ETANOL|BIOENERG|SUCROENERG/
40215231,MEZ 5 ENERGIA S.A.,utilities_transmission,manual,medium,0.0007600635335158786,MEZ transmission
09257877,FERROVIA NORTE SUL S/A,railways,manual,high,0.0007551913313779562,Ferrovia Norte Sul (Rumo)
03264927,MANAUS AMBIENTAL S.A.,sanitation,name_rule,high,0.0007551913313779562,rule /SANEAMENTO|\bAGUAS?\b|ESGOTO|AMBIENTAL|R/
39881421,COMPANHIA ESTADUAL DE GERACAO DE ENERGIA ELETRICA - CEEE-G,utilities_generation_hydro,manual,high,0.0007454469271021116,CEEE-G
37368315,COMPANHIA SECURITIZADORA DE CREDITOS FINANCEIROS VERT 5,banks_financials,cvm,medium,0.0007405747249641893,CVM: Securitização de Recebíveis
31783431,USINA DE ENERGIA FOTOVOLTAICA DE COROMANDEL S.A.,utilities_generation_renewables,name_rule,high,0.0007405747249641893,rule /EOLIC|VENTOS|WIND|SOLAR|FOTOVOLTAIC|\bUF/
60537263,ALLPARK EMPREENDIMENTOS PARTICIPACOES E SERVICOS S/A,other,manual,medium,0.0007357025228262671,Estapar parking
21581284,CONCESSIONARIA RODOVIA DOS TAMOIOS S.A.,toll_roads,name_rule,high,0.0007357025228262671,rule /RODOVI|AUTOPISTA|CONCESSIONARIA|\bVIA\b|/
29554549,SERRA DE IBIAPABA TRANSMISSORA DE ENERGIA S.A.,utilities_transmission,name_rule,high,0.0007308303206883447,rule /TRANSMISSOR|TRANSMISSAO|INTERLIGACAO ELE/
25224629,ETAP EMPRESA TRANSMISSORA AGRESTE POTIGUAR S.A.,utilities_transmission,name_rule,high,0.0007259581185504224,rule /TRANSMISSOR|TRANSMISSAO|INTERLIGACAO ELE/
47902283,SONORA ESTANCIA S/A,sugar_ethanol,manual,medium,0.0007259581185504224,Sonora sugar/ethanol mill
16838421,XP INVESTIMENTOS  S.A.,banks_financials,manual,high,0.0007210859164125001,XP
07401436,ELDORADO BRASIL CELULOSE S.A.,pulp_paper,cvm,medium,0.0007210859164125001,CVM: Papel e Celulose
60659463,ACHE LABORATORIOS FARMACEUTICOS S.A.,healthcare,name_rule,medium,0.0007210859164125001,rule /HOSPITA|SAUDE|MEDIC|ONCOLOG|FARMAC|LABOR/ [issuer override]
19208022,ECO050 - CONCESSIONARIA DE RODOVIAS S.A,toll_roads,name_rule,high,0.0007162137142745778,rule /RODOVI|AUTOPISTA|CONCESSIONARIA|\bVIA\b|/; CVM: Serviços Transporte e Logística
23520790,VERENE TRANSMISSAO SUBHOLDING S.A.,utilities_transmission,manual,medium,0.0007113415121366556,Verene transmission
32184487,PAMPA TRANSMISSAO DE ENERGIA S.A,utilities_transmission,name_rule,high,0.0007113415121366556,rule /TRANSMISSOR|TRANSMISSAO|INTERLIGACAO ELE/
15675033,VENTOS DE SAO TOME HOLDING S.A.,utilities_generation_renewables,name_rule,high,0.0007064693099987332,rule /EOLIC|VENTOS|WIND|SOLAR|FOTOVOLTAIC|\bUF/
02511048,EMPRESA CONCESSIONARIA DE RODOVIAS DO SUL S.A.  ECOSUL,toll_roads,name_rule,high,0.0006967249057228886,rule /RODOVI|AUTOPISTA|CONCESSIONARIA|\bVIA\b|/; CVM: Serviços Transporte e Logística
07823262,FOZ DO RIO CLARO ENERGIA S.A.,utilities_generation_hydro,manual,high,0.0006918527035849663,Foz do Rio Claro
09309318,EMIVE PARTICIPACOES S/A,other,manual,low,0.0006918527035849663,Emive security services
06001492,AETE - AMAZONIA EMPRESA TRANSMISSORA DE ENERGIA S.A.,utilities_transmission,name_rule,high,0.0006869805014470441,rule /TRANSMISSOR|TRANSMISSAO|INTERLIGACAO ELE/
81243735,POSITIVO TECNOLOGIA S.A,technology,manual,high,0.0006869805014470441,Positivo - override [issuer override]
45736131,UNIDAS LOCADORA S.A..,car_rental_fleet,manual,high,0.0006869805014470441,Unidas locadora
43737117,VERT COMPANHIA SECURITIZADORA DE CREDITOS FINANCEIROS,banks_financials,name_rule,medium,0.0006723638950332771,rule /SECURITIZ/
48127012,EPR TRIANGULO S.A,toll_roads,name_rule,high,0.0006674916928953548,rule /RODOVI|AUTOPISTA|CONCESSIONARIA|\bVIA\b|/; CVM: Serviços Transporte e Logística
41570356,VRENTAL LOCACAO DE MAQUINAS E EQUIPAMENTOS S.A.,trucking_equipment_rental,manual,high,0.0006626194907574326,Vrental
27665207,BRASILPREV SEGUROS E PREVIDENCIA S/A,banks_financials,name_rule,medium,0.000652875086481588,rule /SEGUR|INVESTIMENTOS|FINANCEIR|CREDITO|CA/
25224658,ETC  EMPRESA TRANSMISSORA CAPIXABA S. A.,utilities_transmission,name_rule,high,0.000652875086481588,rule /TRANSMISSOR|TRANSMISSAO|INTERLIGACAO ELE/
20626892,EMPRESA LITORANEA DE TRANSMISSAO DE ENERGIA S.A. - ELTE,utilities_transmission,name_rule,high,0.000652875086481588,rule /TRANSMISSOR|TRANSMISSAO|INTERLIGACAO ELE/
44507288,INFRAESTRUTURA BRASIL HOLDING XVII S.A,holding_diversified,name_rule,low,0.000652875086481588,generic holding/participacoes name
05321987,EMPRESA NORTE DE TRANSMISSAO DE ENERGIA S.A,utilities_transmission,name_rule,high,0.000652875086481588,rule /TRANSMISSOR|TRANSMISSAO|INTERLIGACAO ELE/
08262121,ALUBAR METAIS E CABOS S.A,steel_metals,cvm,medium,0.0006480028843436656,CVM: Metalurgia e Siderurgia
19729992,VERDE 08 ENERGIA  S.A.,utilities_generation_renewables,name_rule,low,0.0006431306822057434,rule /ENERGIA|ENERGY|GERACAO|GERADORA/
12960213,CALDEIRAO GRANDE ENERGIAS RENOVAVEIS S/A,utilities_generation_renewables,name_rule,high,0.0006333862779298987,rule /EOLIC|VENTOS|WIND|SOLAR|FOTOVOLTAIC|\bUF/
83475913,PBG S/A,cement_construction_materials,manual,high,0.0006285140757919765,Portobello
17875156,VENTOS DE SAO TITO HOLDING S/A,utilities_generation_renewables,name_rule,high,0.0006285140757919765,rule /EOLIC|VENTOS|WIND|SOLAR|FOTOVOLTAIC|\bUF/
41750028,AUTOGERACAO SOLAR SPE S.A.,utilities_generation_renewables,name_rule,high,0.0006236418736540541,rule /EOLIC|VENTOS|WIND|SOLAR|FOTOVOLTAIC|\bUF/
75315333,ATACADAO S.A.,retail,manual,high,0.0006187696715161319,Atacadao
06016348,VENTOS DO SUL ENERGIA S/A,utilities_generation_renewables,name_rule,high,0.0006187696715161319,rule /EOLIC|VENTOS|WIND|SOLAR|FOTOVOLTAIC|\bUF/; CVM: Energia Elétrica
29980141,OCEANICA ENGENHARIA E CONSULTORIA S.A.,oil_gas,manual,medium,0.0006138974693782096,Oceanica subsea services [issuer override]
09387725,CONCESSIONARIA DO RODOANEL OESTE S/A,toll_roads,name_rule,high,0.0006090252672402873,rule /RODOVI|AUTOPISTA|CONCESSIONARIA|\bVIA\b|/
07682638,CONCESSIONARIA DA LINHA 4 DO METRO DE SAO PAULO S/A,toll_roads,manual,medium,0.0006090252672402873,ViaQuatro - urban transit
09359927,ASA BRANCA HOLDING S.A.,utilities_generation_renewables,manual,medium,0.0005944086608265204,Asa Branca wind
42288184,CONCESSIONARIA DAS LINHAS 8 E 9 DO SISTEMA DE TRENS METROPOLITANOS DE SAO PAULO S.A.,toll_roads,manual,medium,0.0005944086608265204,ViaMobilidade 8/9 - urban transit
31096307,MARITUBA TRANSMISSAO DE ENERGIA S.A.,utilities_transmission,name_rule,high,0.0005944086608265204,rule /TRANSMISSOR|TRANSMISSAO|INTERLIGACAO ELE/
92754738,LOJAS RENNER S/A,textiles_apparel,manual,high,0.000589536458688598,Renner
13270520,KORA SAUDE PARTICIPACOES S.A.,healthcare,cvm,medium,0.000589536458688598,CVM: Serviços Médicos
73178600,CYRELA BRAZIL REALTY S/A EMPREENDIMENTOS E PARTICIPACOES,real_estate,cvm,medium,0.0005846642565506758,"CVM: Construção Civil, Mat. Constr. e Decoração"
23080281,TIBAGI ENERGIA SPE S/A,utilities_generation_hydro,manual,medium,0.0005846642565506758,Tibagi hydro
35822503,INSPIRALI EDUCACAO S/A,education,cvm,medium,0.0005846642565506758,CVM: Educação
01838723,BRF S/A,agribusiness_protein,manual,high,0.0005797920544127535,BRF - override [issuer override]
14578002,PARNAIBA II GERACAO DE ENERGIA SA,utilities_generation_thermal,manual,high,0.0005797920544127535,Parnaiba II (Eneva)
27316538,VPORTS AUTORIDADE PORTUARIA S/A,airports_ports_logistics,manual,high,0.0005749198522748311,Vports (Vitoria port)
48710127,SPE NOVO NORTE AEROPORTOS S.A.,airports_ports_logistics,manual,high,0.0005700476501369089,Novo Norte airports
94813102,TRES TENTOS AGROINDUSTRIAL S.A,agribusiness_grains,manual,high,0.0005700476501369089,3tentos grains/inputs/crushing
79379491,HAVAN S.A.,retail,manual,high,0.0005700476501369089,Havan
03237583,COPA ENERGIA S A,fuel_distribution,manual,high,0.0005651754479989865,Copa Energia LPG
13234214,ITAREMA GERACAO DE ENERGIA S.A.,utilities_generation_renewables,manual,medium,0.0005651754479989865,Itarema wind
50258089,BARREIRAS HOLDING S.A.,utilities_generation_renewables,manual,low,0.0005651754479989865,"Barreiras holding (renewables, assumed)"
24682682,GJA INDUSTRIAS S/A,other,manual,low,0.0005651754479989865,GJA industries
43386975,SERRA DO SERIDO F2 HOLDING S.A.,utilities_generation_renewables,manual,medium,0.0005651754479989865,Serra do Serido wind
24624551,ARGO ENERGIA EMPREENDIMENTOS E PARTICIPACOES S.A.,utilities_transmission,manual,medium,0.0005603032458610643,Argo transmission
28438777,EKTT 9 SERV DE TRANS DE E E SPE S.A.,utilities_transmission,name_rule,high,0.0005603032458610643,rule /TRANSMISSOR|TRANSMISSAO|INTERLIGACAO ELE/
38482780,ANEMUS WIND HOLDING S.A.,utilities_generation_renewables,name_rule,high,0.0005505588415852197,rule /EOLIC|VENTOS|WIND|SOLAR|FOTOVOLTAIC|\bUF/; CVM: Energia Elétrica
24921465,BLUEFIT ACADEMIAS DE GINASTICA E PARTICIPACOES S.A,other,manual,medium,0.0005456866394472974,Bluefit gyms
42292007,RIOMAIS SANEAMENTO BL3 S.A,sanitation,cvm,medium,0.0005456866394472974,"CVM: Saneamento, Serv. Água e Gás"
34731244,GDPAR SR PARTICIPACOES EM PROJETOS SOLARES S.A.,utilities_generation_renewables,name_rule,high,0.000540814437309375,rule /EOLIC|VENTOS|WIND|SOLAR|FOTOVOLTAIC|\bUF/
24870961,ETB - EMPRESA DE TRANSMISSAO BAIANA S.A.,utilities_transmission,name_rule,high,0.000540814437309375,rule /TRANSMISSOR|TRANSMISSAO|INTERLIGACAO ELE/
14641895,BARUERI ENERGIA RENOVAVEL S.A.,utilities_generation_renewables,name_rule,high,0.0005359422351714528,rule /EOLIC|VENTOS|WIND|SOLAR|FOTOVOLTAIC|\bUF/
51588411,INFRA BR V RODOVIAS HOLDING LLL SA,toll_roads,name_rule,high,0.0005359422351714528,rule /RODOVI|AUTOPISTA|CONCESSIONARIA|\bVIA\b|/
26845497,BURITIRAMA TRANSMISSORA DE ENERGIA S.A.,utilities_transmission,name_rule,high,0.0005359422351714528,rule /TRANSMISSOR|TRANSMISSAO|INTERLIGACAO ELE/
49037416,ATLAS LUIZ CARLOS COMERCIALIZADORA DE ENERGIA S.A.,other,manual,medium,0.0005261978308956082,energy trader
08533336,CONCESSIONARIA ROTA DOS COQUEIROS S. A.,toll_roads,name_rule,high,0.0005261978308956082,rule /RODOVI|AUTOPISTA|CONCESSIONARIA|\bVIA\b|/
20732109,CANTAREIRA TRANSMISSORA DE ENERGIA S/A,utilities_transmission,name_rule,high,0.0005261978308956082,rule /TRANSMISSOR|TRANSMISSAO|INTERLIGACAO ELE/
59115685,TUPI ENERGIAS RENOVAVEIS S.A.,utilities_generation_renewables,name_rule,high,0.0005261978308956082,rule /EOLIC|VENTOS|WIND|SOLAR|FOTOVOLTAIC|\bUF/; CVM: Emp. Adm. Part. - Energia Elétrica
09527023,ENVIRONMENTAL ESG PARTICIPACOES S.A.,other,manual,low,0.0005213256287576859,Ambipar-related holding
36128741,CONCESSIONARIA DA RODOVIA MS 306 S.A.,toll_roads,name_rule,high,0.0005213256287576859,rule /RODOVI|AUTOPISTA|CONCESSIONARIA|\bVIA\b|/
51427102,TECNOLOGIA BANCARIA S.A.,technology,manual,medium,0.0005213256287576859,TecBan ATM network
23093056,XINGU RIO TRANSMISSORA DE ENERGIA S.A.,utilities_transmission,name_rule,high,0.0005213256287576859,rule /TRANSMISSOR|TRANSMISSAO|INTERLIGACAO ELE/
26845650,BARREIRAS TRANSMISSORA DE ENERGIA S.A.,utilities_transmission,name_rule,high,0.0005213256287576859,rule /TRANSMISSOR|TRANSMISSAO|INTERLIGACAO ELE/
20514590,ARGO V TRANSMISSAO DE ENERGIA S.A.,utilities_transmission,name_rule,high,0.0005164534266197635,rule /TRANSMISSOR|TRANSMISSAO|INTERLIGACAO ELE/; CVM: Energia Elétrica
40480481,RIO ALTO STL HOLDING I S.A,utilities_generation_renewables,manual,medium,0.0005164534266197635,Rio Alto solar
79430682,FARMACIA E DROGARIA NISSEI S.A.,retail,manual,high,0.0005115812244818413,Nissei pharmacy
30265100,ECO135   CONCESSIONARIA  DE RODOVIAS S.A.,toll_roads,name_rule,high,0.0005115812244818413,rule /RODOVI|AUTOPISTA|CONCESSIONARIA|\bVIA\b|/
87870952,BORRACHAS VIPAL S.A.,petrochemicals,cvm,medium,0.000506709022343919,CVM: Petroquímicos e Borracha
41934221,CS BRASIL HOLDING E LOCACAO S.A.,car_rental_fleet,manual,medium,0.000506709022343919,CS Brasil (Simpar) public fleet
04368865,LIGGA TELECOMUNICACOES S.A,telecom,cvm,medium,0.000506709022343919,CVM: Telecomunicações
38286323,ASSURUA 4 E 5 HOLDING ENERGIA S.A.,utilities_generation_renewables,manual,medium,0.000506709022343919,Assurua wind
42385499,SERENA DESENVOLVIMENTO S.A,utilities_generation_renewables,manual,high,0.0005018368202059967,Serena
02476026,ULTRAFERTIL S/A.,fertilizers,manual,high,0.0005018368202059967,Ultrafertil nitrogen
00973749,TOP SERVICE SERVICOS E SISTEMAS S/A,other,manual,low,0.0004920924159301522,Top Service facility services
45456117,AGUAS DO SERTAO S.A.,sanitation,cvm,medium,0.0004920924159301522,"CVM: Saneamento, Serv. Água e Gás"
04426411,ENERPEIXE S.A.,utilities_generation_hydro,manual,high,0.0004872202137922298,Enerpeixe
48127008,CONCESSIONARIA RODOVIAS DO SUL DE MINAS SPE S.A.,toll_roads,name_rule,high,0.0004823480116543075,rule /RODOVI|AUTOPISTA|CONCESSIONARIA|\bVIA\b|/; CVM: Serviços Transporte e Logística
45281813,USINA SANTA FE S.A.,sugar_ethanol,name_rule,medium,0.0004823480116543075,rule /ACUCAR|ALCOOL|ETANOL|BIOENERG|SUCROENERG/
08801621,SYN PROP E TECH S.A.,real_estate,cvm,medium,0.0004823480116543075,"CVM: Emp. Adm. Part. - Const. Civil, Mat. Const. e Decoração"
51715706,RIALMA TRANSMISSORA DE ENERGIA V S/A,utilities_transmission,name_rule,high,0.0004823480116543075,rule /TRANSMISSOR|TRANSMISSAO|INTERLIGACAO ELE/
06013760,CONVICON CONTEINERES DE VILA DO CONDE S/A,airports_ports_logistics,manual,high,0.00047747580951638523,Convicon container terminal
10562611,INTERLIGACAO ELETRICA DO MADEIRA S/A,utilities_transmission,name_rule,high,0.00047260360737846294,rule /TRANSMISSOR|TRANSMISSAO|INTERLIGACAO ELE/
33041260,GRUPO CASAS BAHIA S.A,retail,manual,high,0.00047260360737846294,Casas Bahia
02578564,MRL ENGENHARIA E EMPREENDIMENTOS S.A.,real_estate,manual,medium,0.0004677314052405406,MRL (MRV group)
03984987,ECTE - EMPRESA CATARINENSE DE TRANSMISSAO DE ENERGIA S/A,utilities_transmission,name_rule,high,0.0004677314052405406,rule /TRANSMISSOR|TRANSMISSAO|INTERLIGACAO ELE/
28438834,NEOENERGIA MORRO DO CHAPEU TRANSMISSAO E ENERGIA S.A.,utilities_transmission,name_rule,high,0.0004677314052405406,rule /TRANSMISSOR|TRANSMISSAO|INTERLIGACAO ELE/
34714313,BONFIM GERACAO E COMERCIO DE ENERGIA SPE S/A,utilities_generation_renewables,manual,low,0.0004628592031026183,solar SPE
12592831,MNLT S.A.,holding_diversified,manual,low,0.000457987000964696,MNLT holding
38213667,ATHON GERACAO DISTRIBUIDA II S.A.,utilities_generation_renewables,name_rule,high,0.000457987000964696,rule /EOLIC|VENTOS|WIND|SOLAR|FOTOVOLTAIC|\bUF/
19403252,EMCCAMP RESIDENCIAL S.A.,real_estate,cvm,medium,0.00045311479882677373,"CVM: Construção Civil, Mat. Constr. e Decoração"
55764627,TGR SUBHOLDING 7 S.A.,holding_diversified,name_rule,low,0.00044824259668885144,generic holding/participacoes name
00873894,LETS RENT A CAR S/A,car_rental_fleet,manual,high,0.00044824259668885144,Lets rent a car
10923227,BTG PACTUAL HOLDING S.A.,banks_financials,manual,high,0.00044824259668885144,BTG holding
47063128,USINA SAO DOMINGOS-ACUCAR E ETANOL S/A,sugar_ethanol,name_rule,medium,0.00044824259668885144,rule /ACUCAR|ALCOOL|ETANOL|BIOENERG|SUCROENERG/
42937550,VERT-11 COMPANHIA SECURITIZADORA DE CREDITOS FINANCEIROS,banks_financials,cvm,medium,0.0004384981924130068,CVM: Securitização de Recebíveis
08312229,EZ TEC EMPREENDIMENTOS E PARTICIPACOES S/A,real_estate,cvm,medium,0.0004384981924130068,"CVM: Emp. Adm. Part. - Const. Civil, Mat. Const. e Decoração"
20854869,MARLIN NAVEGACAO SA,airports_ports_logistics,manual,low,0.0004384981924130068,"Marlin navegacao (shipping, assumed)"
89637490,KLABIN S/A,pulp_paper,cvm,medium,0.0004384981924130068,CVM: Papel e Celulose
55474939,OURINHOS SANEAMENTO S.A.,sanitation,name_rule,high,0.0004384981924130068,rule /SANEAMENTO|\bAGUAS?\b|ESGOTO|AMBIENTAL|R/
30997588,ATHON GERACAO DISTRIBUIDA S/A,utilities_generation_renewables,name_rule,high,0.0004384981924130068,rule /EOLIC|VENTOS|WIND|SOLAR|FOTOVOLTAIC|\bUF/
92791243,IRANI PAPEL E EMBALAGEM S.A.,pulp_paper,cvm,medium,0.0004336259902750845,CVM: Embalagens
09391823,SANTO ANTONIO ENERGIA S.A.,utilities_generation_hydro,manual,high,0.0004336259902750845,Santo Antonio
34714322,CANTA GERACAO E COMERCIO DE ENERGIA SPE S/A,utilities_generation_renewables,manual,low,0.0004336259902750845,solar SPE
04023261,NC ENERGIA S.A.,other,manual,low,0.00042875378813716223,energy trader
52948225,ATHON GERACAO DISTRIBUIDA III S.A.,utilities_generation_renewables,name_rule,high,0.00042875378813716223,rule /EOLIC|VENTOS|WIND|SOLAR|FOTOVOLTAIC|\bUF/
04212396,VOKE S.A.,technology,cvm,medium,0.00042875378813716223,CVM: Emp. Adm. Part. - Comunicação e Informática
72860067,VIADUTO SOLUCOES LOGISTICAS S.A,airports_ports_logistics,name_rule,medium,0.00042388158599923994,rule /PORTUARI|CONTEINERES|TERMINA(L|IS)|\bPOR/
10240186,LINHAS DE XINGU TRANSMISSORA DE ENERGIA S.A.,utilities_transmission,name_rule,high,0.00042388158599923994,rule /TRANSMISSOR|TRANSMISSAO|INTERLIGACAO ELE/; CVM: Energia Elétrica
49008174,ACU TRANSMISSORA S.A.,utilities_transmission,name_rule,high,0.00041900938386131765,rule /TRANSMISSOR|TRANSMISSAO|INTERLIGACAO ELE/
15483161,ALSOL ENERGIAS RENOVAVEIS S/A,utilities_generation_renewables,name_rule,high,0.00041900938386131765,rule /EOLIC|VENTOS|WIND|SOLAR|FOTOVOLTAIC|\bUF/
10645019,EMERGENCIA PARTICIPACOES S/A,holding_diversified,name_rule,low,0.00041900938386131765,generic holding/participacoes name
36062772,INFRAESTRUTURA BRASIL HOLDING IX S.A.,holding_diversified,name_rule,low,0.00041413718172339536,generic holding/participacoes name
34745410,SANTA LUZ GERACAO E COMERCIO DE ENERGIA SPE S/A.,utilities_generation_renewables,manual,low,0.00041413718172339536,solar SPE
08797760,CURY CONSTRUTORA E INCORPORADORA S/A,real_estate,cvm,medium,0.00041413718172339536,"CVM: Construção Civil, Mat. Constr. e Decoração"
41554993,SILVANIA TRANSMISSORA DE ENERGIA S.A.,utilities_transmission,name_rule,high,0.00041413718172339536,rule /TRANSMISSOR|TRANSMISSAO|INTERLIGACAO ELE/
08322396,CERRADINHO BIOENERGIA S.A.,sugar_ethanol,manual,high,0.00041413718172339536,Cerradinho - override [issuer override]
10571175,URBA DESENVOLVIMENTO URBANO S/A,real_estate,cvm,medium,0.00041413718172339536,"CVM: Construção Civil, Mat. Constr. e Decoração"
34714305,PAU RAINHA GERACAO E COMERCIO DE ENERGIA SPE S/A,utilities_generation_renewables,manual,low,0.000409264979585473,solar SPE
34840096,TRSP - TERMINAL DE REGASEIFICACAO DE GNL DE SAO PAULO S.A.,utilities_transmission,manual,medium,0.00040439277744755073,"TRSP LNG regas terminal, contracted"
51742485,CONCESSIONARIA RODOVIAS DO CAFE SPE S.A.,toll_roads,name_rule,high,0.00039464837317170615,rule /RODOVI|AUTOPISTA|CONCESSIONARIA|\bVIA\b|/; CVM: Serviços Transporte e Logística
58607200,CONCESSIONARIA ECOVIAS RAPOSO-CASTELO S.A,toll_roads,name_rule,high,0.00038977617103378386,rule /RODOVI|AUTOPISTA|CONCESSIONARIA|\bVIA\b|/
16575828,NASCENTES DO XINGU PARTICIPACOES E ADMINISTRACAO S.A.,utilities_generation_hydro,manual,medium,0.00038977617103378386,Belo Monte stake holder
28925264,COMPANHIA ENERGETICA JAGUARA..,utilities_generation_hydro,name_rule,medium,0.00038490396889586157,rule /\bUHE\b|HIDRELETRICA|HIDRO ELETRICA|\bPC/; CVM: Energia Elétrica
31001230,CELEO REDES TRANSMISSAO DE ENERGIA S/A,utilities_transmission,manual,high,0.00038490396889586157,Celeo Redes
28942127,COMPANHIA ENERGETICA MIRANDA,utilities_generation_hydro,name_rule,medium,0.00038490396889586157,rule /\bUHE\b|HIDRELETRICA|HIDRO ELETRICA|\bPC/; CVM: Energia Elétrica
78958717,ROMAGNOLE PRODUTOS ELETRICOS S.A.,other,manual,low,0.00038490396889586157,Romagnole electrical products
35198517,OURO PRETO SERVICOS DE SANEAMENTO S/A-SANEOURO,sanitation,name_rule,high,0.0003800317667579393,rule /SANEAMENTO|\bAGUAS?\b|ESGOTO|AMBIENTAL|R/
18593815,PRINER SERVICOS INDUSTRIAIS S.A.,other,manual,medium,0.0003800317667579393,Priner industrial services
34175529,CASHME SOLUCOES FINANCEIRAS S.A.,banks_financials,name_rule,medium,0.00037515956462001694,rule /SEGUR|INVESTIMENTOS|FINANCEIR|CREDITO|CA/
37020274,VENTOS DE SANTA TEREZA 07 ENERGIAS RENOVAVEIS S.A.,utilities_generation_renewables,name_rule,high,0.00037515956462001694,rule /EOLIC|VENTOS|WIND|SOLAR|FOTOVOLTAIC|\bUF/
00776574,AMERICANAS S.A. - EM RECUPERACAO JUDICIAL,retail,manual,high,0.00037028736248209465,Americanas
24870962,EDTE -  EMPRESA DIAMANTINA DE TRANSMISSAO DE ENERGIA S.A.,utilities_transmission,name_rule,high,0.00037028736248209465,rule /TRANSMISSOR|TRANSMISSAO|INTERLIGACAO ELE/
19014221,CHINA THREE GORGES BRASIL ENERGIA S.A.,utilities_generation_hydro,manual,high,0.00037028736248209465,CTG Brasil
59196897,CONCESSIONARIA DE RODOVIAS PRVIAS S.A.,toll_roads,name_rule,high,0.00037028736248209465,rule /RODOVI|AUTOPISTA|CONCESSIONARIA|\bVIA\b|/; CVM: Emp. Adm. Part. - Serviços Transporte e Logística
18080368,OZN HEALTH SPE S.A,healthcare,cvm,medium,0.00037028736248209465,CVM: Serviços Médicos
42771949,ALLIANCA SAUDE E PARTICIPACOES S.A.,healthcare,cvm,medium,0.00037028736248209465,CVM: Serviços Médicos
42278291,LOG-IN LOGISTICA INTERMODAL S.A.,airports_ports_logistics,manual,high,0.00037028736248209465,Log-In cabotage - override [issuer override]
42945876,VERT CREDIARE COMPANHIA SECURITIZADORA DE CREDITOS FINANCEIROS,banks_financials,cvm,medium,0.00037028736248209465,CVM: Securitização de Recebíveis
10635691,VIARONDON CONCESSIONARIA DE RODOVIA S/A,toll_roads,name_rule,high,0.00036541516034417236,rule /RODOVI|AUTOPISTA|CONCESSIONARIA|\bVIA\b|/; CVM: Serviços Transporte e Logística
59546515,FISIA COMERCIO DE PRODUTOS ESPORTIVOS S.A.,retail,manual,high,0.00036054295820625007,Fisia (Nike distributor)
12109247,CREDZ ADMINISTRADORA DE CARTOES S.A.,banks_financials,name_rule,medium,0.0003556707560683278,rule /SEGUR|INVESTIMENTOS|FINANCEIR|CREDITO|CA/
09597979,RIO CASCA ENERGETICA S.A.,utilities_generation_hydro,name_rule,medium,0.0003556707560683278,rule /\bUHE\b|HIDRELETRICA|HIDRO ELETRICA|\bPC/
27219024,PIRAPORA II SOLAR HOLDING S.A.,utilities_generation_renewables,name_rule,high,0.0003556707560683278,rule /EOLIC|VENTOS|WIND|SOLAR|FOTOVOLTAIC|\bUF/
04065791,SINQIA S.A.,technology,cvm,medium,0.0003556707560683278,CVM: Comunicação e Informática
62984091,CRUZEIRO DO SUL EDUCACIONAL S.A.,education,cvm,medium,0.0003507985539304055,CVM: Educação
14031191,HINOVE  AGROCIENCIA S.A..,fertilizers,manual,low,0.0003507985539304055,Hinove agro inputs - override [issuer override]
19521322,CONCESSIONARIA ROTA DO OESTE S.A.,toll_roads,name_rule,high,0.0003507985539304055,rule /RODOVI|AUTOPISTA|CONCESSIONARIA|\bVIA\b|/; CVM: Serviços Transporte e Logística
29884545,ECORIOMINAS CONCESSIONARIA DE RODOVIAS S.A.,toll_roads,name_rule,high,0.00034592635179248315,rule /RODOVI|AUTOPISTA|CONCESSIONARIA|\bVIA\b|/; CVM: Serviços Transporte e Logística
31109417,BORBOREMA TRANSMISSAO DE ENERGIA S.A.,utilities_transmission,name_rule,high,0.00034105414965456086,rule /TRANSMISSOR|TRANSMISSAO|INTERLIGACAO ELE/
05208211,IN HAUS INDUSTRIAL E SERVICOS DE LOGISTICA S/A,airports_ports_logistics,name_rule,medium,0.00034105414965456086,rule /PORTUARI|CONTEINERES|TERMINA(L|IS)|\bPOR/
15116321,SAO ROQUE ENERGETICA S.A.,utilities_generation_hydro,name_rule,medium,0.00034105414965456086,rule /\bUHE\b|HIDRELETRICA|HIDRO ELETRICA|\bPC/
13783221,MADERO INDUSTRIA E COMERCIO S.A.,food_beverages,cvm,medium,0.00033618194751663857,CVM: Alimentos [issuer override]
52164662,CENTRO PAULISTA DE ONCOLOGIA S.A.,healthcare,name_rule,medium,0.0003313097453787163,rule /HOSPITA|SAUDE|MEDIC|ONCOLOG|FARMAC|LABOR/
01107327,BBM LOGISTICA S.A.,airports_ports_logistics,name_rule,medium,0.0003313097453787163,rule /PORTUARI|CONTEINERES|TERMINA(L|IS)|\bPOR/; CVM: Serviços Transporte e Logística
02284062,HOSPITAL ESPERANCA S/A,healthcare,name_rule,medium,0.0003313097453787163,rule /HOSPITA|SAUDE|MEDIC|ONCOLOG|FARMAC|LABOR/
28367479,QUANTUM PARTICIPACOES S.A.,utilities_generation_renewables,cvm,low,0.000326437543240794,CVM (ambiguous): Emp. Adm. Part. - Energia Elétrica
31095322,SOLARIS TRANSMISSAO DE ENERGIA S.A.,utilities_transmission,name_rule,high,0.000326437543240794,rule /TRANSMISSOR|TRANSMISSAO|INTERLIGACAO ELE/
27137879,COMP SECURITIZADORA DE CREDITOS FINANCEIROS CARTOES CONSIGNADOS I,banks_financials,cvm,medium,0.000326437543240794,CVM: Securitização de Recebíveis
02814497,CIMED INDUSTRIA S.A,healthcare,manual,high,0.000326437543240794,Cimed pharma - override [issuer override]
08505736,FLORA PRODUTOS DE HIGIENE E LIMPEZA S.A,other,manual,medium,0.0003215653411028717,Flora hygiene/cleaning products
04416923,EMPRESA PARAENSE DE TRANSMISSAO DE ENERGIA S/A,utilities_transmission,name_rule,high,0.00031669313896494936,rule /TRANSMISSOR|TRANSMISSAO|INTERLIGACAO ELE/
40997635,TRV XLIII SECURITIZADORA DE CREDITOS MERCANTIS S.A,banks_financials,cvm,medium,0.00031669313896494936,CVM: Securitização de Recebíveis
10319371,EBTE - EMPRESA BRASILEIRA DE TRANSMISSAO DE ENERGIA S.A,utilities_transmission,name_rule,high,0.00031669313896494936,rule /TRANSMISSOR|TRANSMISSAO|INTERLIGACAO ELE/
11708279,GOIAS TRANSMISSAO S.A.,utilities_transmission,name_rule,high,0.00031182093682702707,rule /TRANSMISSOR|TRANSMISSAO|INTERLIGACAO ELE/
04233319,NCF PARTICIPACOES S.A.,banks_financials,manual,medium,0.00031182093682702707,Bradesco group holding
36763716,CONCESSIONARIA CATARINENSE DE RODOVIAS SA,toll_roads,name_rule,high,0.00031182093682702707,rule /RODOVI|AUTOPISTA|CONCESSIONARIA|\bVIA\b|/; CVM: Emp. Adm. Part. - Serviços Transporte e Logística
43277147,SUL CONCESSOES E PARTICIPACOES S/A,toll_roads,manual,low,0.0003069487346891048,Sul Concessoes (assumed roads)
48533969,PAX INVESTIMENTOS EM AEROPORTOS S.A,airports_ports_logistics,manual,medium,0.0003069487346891048,airports
08635011,EVOLTZ VI - CAMPOS NOVOS TRANSMISSORA DE ENERGIA S.A.,utilities_transmission,name_rule,high,0.0003069487346891048,rule /TRANSMISSOR|TRANSMISSAO|INTERLIGACAO ELE/
40004405,TRAVESSIA SECURITIZADORA DE CREDITOS FINANCEIROS XXI S.A.,banks_financials,name_rule,medium,0.0003069487346891048,rule /SECURITIZ/
46568486,MANTIQUEIRA HOLDING S.A.,utilities_generation_renewables,cvm,low,0.0003020765325511825,CVM (ambiguous): Emp. Adm. Part. - Energia Elétrica
06977751,BR PROPERTIES S.A.,real_estate,manual,high,0.0003020765325511825,BR Properties
08232879,EVOLTZ V - LONDRINA TRANSMISSORA DE ENERGIA S.A,utilities_transmission,name_rule,high,0.0002972043304132602,rule /TRANSMISSOR|TRANSMISSAO|INTERLIGACAO ELE/
33453598,RAIZEN S.A.,fuel_distribution,manual,high,0.0002972043304132602,Raizen S.A. (fuel + sugar) - override [issuer override]
61602199,COMPANHIA ULTRAGAZ S A,fuel_distribution,manual,high,0.0002923321282753379,Ultragaz LPG
10552848,BRILHANTE TRANSMISSORA DE ENERGIA S/A.,utilities_transmission,name_rule,high,0.0002923321282753379,rule /TRANSMISSOR|TRANSMISSAO|INTERLIGACAO ELE/
07799081,INTEGRACAO TRANSMISSORA DE ENERGIA S.A.,utilities_transmission,name_rule,high,0.0002923321282753379,rule /TRANSMISSOR|TRANSMISSAO|INTERLIGACAO ELE/
55085811,EXES SECURITIZADORA S.A.,banks_financials,name_rule,medium,0.00028745992613741556,rule /SECURITIZ/
14395590,LINHAS DE TAUBATE TRANSMISSORA DE ENERGIA S.A.,utilities_transmission,name_rule,high,0.0002825877239994933,rule /TRANSMISSOR|TRANSMISSAO|INTERLIGACAO ELE/
44601637,GDS SUBHOLDING S.A.,holding_diversified,name_rule,low,0.0002825877239994933,generic holding/participacoes name
27816584,JANUARIO DE NAPOLI GERACAO DE ENERGIA S/A,utilities_generation_renewables,name_rule,low,0.0002825877239994933,rule /ENERGIA|ENERGY|GERACAO|GERADORA/
07037123,ECOURBIS AMBIENTAL S.A,sanitation,name_rule,high,0.0002825877239994933,rule /SANEAMENTO|\bAGUAS?\b|ESGOTO|AMBIENTAL|R/
00905036,ICATU ASSESSORIA S/A,banks_financials,manual,medium,0.000277715521861571,Icatu
48534024,PRS AEROPORTOS S.A.,airports_ports_logistics,manual,medium,0.000277715521861571,airports
32667691,PARINTINS AMAZONAS TRANSMISSORA DE ENERGIA S.A.,utilities_transmission,name_rule,high,0.000277715521861571,rule /TRANSMISSOR|TRANSMISSAO|INTERLIGACAO ELE/
04547015,ELECTRA PCH BURITI SPE SA,utilities_generation_hydro,name_rule,medium,0.000277715521861571,rule /\bUHE\b|HIDRELETRICA|HIDRO ELETRICA|\bPC/
15426874,ITR COMERCIO DE PNEUS E PECAS S.A,retail,manual,medium,0.000277715521861571,tyre retail
49947676,CREDITCORP SECURITIZADORA S.A,banks_financials,name_rule,medium,0.000277715521861571,rule /SECURITIZ/
51715500,ROTA DO PARA S.A,toll_roads,name_rule,high,0.0002728433197236487,rule /RODOVI|AUTOPISTA|CONCESSIONARIA|\bVIA\b|/
08795211,MAESTRO LOCADORA DE VEICULOS  S.A,car_rental_fleet,manual,medium,0.0002728433197236487,Maestro
19560837,CALANGO 6 ENERGIA RENOVAVEL  S.A.,utilities_generation_renewables,name_rule,high,0.0002728433197236487,rule /EOLIC|VENTOS|WIND|SOLAR|FOTOVOLTAIC|\bUF/
04409762,DIX EMPREENDIMENTOS S.A,real_estate,manual,low,0.0002728433197236487,Dix empreendimentos
21480839,BRK AMBIENTAL - SUMARE S.A,sanitation,name_rule,high,0.0002728433197236487,rule /SANEAMENTO|\bAGUAS?\b|ESGOTO|AMBIENTAL|R/
11289590,TIETE EOLICA S.A,utilities_generation_renewables,name_rule,high,0.0002728433197236487,rule /EOLIC|VENTOS|WIND|SOLAR|FOTOVOLTAIC|\bUF/
33337122,IPIRANGA  PRODUTOS DE PETROLEO S.A.,fuel_distribution,manual,high,0.0002728433197236487,Ipiranga
13733490,QMC TELECOM DO BRASIL CESSAO DE INFRAESTRUTURA S/A,telecom,name_rule,medium,0.0002728433197236487,rule /TELECOM|FIBRA|TORRES|WINITY|TELEFONIA/
00535681,COMPANHIA PARANAENSE DE GAS COMPAGAS,utilities_distribution,manual,high,0.0002728433197236487,Compagas
50059636,AXS ENERGIA UNIDADE 07 S.A,utilities_generation_renewables,name_rule,high,0.0002679711175857264,rule /EOLIC|VENTOS|WIND|SOLAR|FOTOVOLTAIC|\bUF/
16590234,AZZAS 2154 S.A.,textiles_apparel,cvm,medium,0.0002679711175857264,CVM: Têxtil e Vestuário
16619378,CIMED & CO S.A.,healthcare,manual,high,0.0002679711175857264,Cimed pharma - override [issuer override]
42768967,RESERVA PAULISTA ADMINISTRADORA DE PARQUES S.A.,other,name_rule,low,0.0002679711175857264,no rule matched
44841035,SAP  SECURITIZADORA DE CREDITOS FINANCEIROS S.A.,banks_financials,cvm,medium,0.0002630989154478041,CVM: Securitização de Recebíveis
27967244,TAPAJOS TRANSMISSORA DE ENERGIA S.A.,utilities_transmission,name_rule,high,0.0002582267133098818,rule /TRANSMISSOR|TRANSMISSAO|INTERLIGACAO ELE/; CVM: Energia Elétrica
34366520,GDPAR SN PARTICIPACOES EM PROJETOS SOLARES S/A,utilities_generation_renewables,name_rule,high,0.0002582267133098818,rule /EOLIC|VENTOS|WIND|SOLAR|FOTOVOLTAIC|\bUF/
07280328,IPIRANGA AGROINDUSTRIAL S.A.,sugar_ethanol,name_rule,medium,0.0002582267133098818,rule /ACUCAR|ALCOOL|ETANOL|BIOENERG|SUCROENERG/
23541412,MIRANTE ENERGETICA  S.A.,utilities_generation_hydro,name_rule,medium,0.0002582267133098818,rule /\bUHE\b|HIDRELETRICA|HIDRO ELETRICA|\bPC/
37702340,MONTE RODOVIAS S.A,toll_roads,name_rule,high,0.0002582267133098818,rule /RODOVI|AUTOPISTA|CONCESSIONARIA|\bVIA\b|/; CVM: Emp. Adm. Part. - Serviços Transporte e Logística
48851242,CONCESSIONARIA DAS RODOVIAS DO LESTE MS S.A.,toll_roads,name_rule,high,0.0002533545111719595,rule /RODOVI|AUTOPISTA|CONCESSIONARIA|\bVIA\b|/; CVM: Serviços Transporte e Logística
50513224,THOPEN SOLAR 12 SPE S.A.,utilities_generation_renewables,name_rule,high,0.0002533545111719595,rule /EOLIC|VENTOS|WIND|SOLAR|FOTOVOLTAIC|\bUF/
42500384,SERENA ENERGIA S.A,utilities_generation_renewables,manual,high,0.0002533545111719595,Serena
23399329,AFYA PARTICIPACOES S.A.,education,manual,high,0.0002484823090340372,Afya medical education
33200056,LOJAS RIACHUELO S / A,textiles_apparel,manual,high,0.0002484823090340372,Riachuelo
07636657,ACO VERDE DO BRASIL S/A,steel_metals,cvm,medium,0.0002484823090340372,CVM: Metalurgia e Siderurgia
03983431,EDP ENERGIAS DO BRASIL S.A.,utilities_distribution,manual,high,0.0002436101068961149,EDP Brasil (distribution-dominant)
26659061,MPM CORPOREOS S.A.,healthcare,cvm,medium,0.0002436101068961149,CVM: Serviços Médicos
10242700,COQUEIROS TRANSMISSORA DE ENERGIA S.A,utilities_transmission,name_rule,high,0.0002436101068961149,rule /TRANSMISSOR|TRANSMISSAO|INTERLIGACAO ELE/
61067901,AGUAS DO PARA A SPE S.A.,sanitation,cvm,medium,0.0002436101068961149,"CVM: Saneamento, Serv. Água e Gás"
58315021,ATHON GERACAO DISTRIBUIDA VI SA,utilities_generation_renewables,name_rule,high,0.00023873790475819262,rule /EOLIC|VENTOS|WIND|SOLAR|FOTOVOLTAIC|\bUF/
14955141,MULTIPLIKE SECURITIZADORA SA,banks_financials,name_rule,medium,0.00023873790475819262,rule /SECURITIZ/
40062073,RZK SOLAR 07 S.A.,utilities_generation_renewables,name_rule,high,0.00023873790475819262,rule /EOLIC|VENTOS|WIND|SOLAR|FOTOVOLTAIC|\bUF/
15674688,VENTOS DE SAO CLEMENTE HOLDING S.A.,utilities_generation_renewables,name_rule,high,0.00023873790475819262,rule /EOLIC|VENTOS|WIND|SOLAR|FOTOVOLTAIC|\bUF/
23449511,UTE GNA I GERACAO DE ENERGIA S.A.,utilities_generation_thermal,manual,high,0.0002338657026202703,GNA I LNG thermal
39523638,AGUAS DA IMPERATRIZ S.A.,sanitation,name_rule,high,0.0002338657026202703,rule /SANEAMENTO|\bAGUAS?\b|ESGOTO|AMBIENTAL|R/
48759193,AXS PARTICIPACOES S.A.,utilities_generation_renewables,name_rule,high,0.0002338657026202703,rule /EOLIC|VENTOS|WIND|SOLAR|FOTOVOLTAIC|\bUF/
08100057,TECNOGERA LOCACAO O E TRANSFORMACAO DE ENERGIA S.A.,trucking_equipment_rental,manual,medium,0.000228993500482348,Tecnogera generators
26796760,TCC - TRANSMISSORA CAMINHO DO CAFE S/A,utilities_transmission,name_rule,high,0.000228993500482348,rule /TRANSMISSOR|TRANSMISSAO|INTERLIGACAO ELE/
17765891,GRUPO SALTA EDUCACAO S.A.,education,cvm,medium,0.000228993500482348,CVM: Emp. Adm. Part. - Educação
71304687,PEDRA AGROINDUSTRIAL S.A.,sugar_ethanol,name_rule,medium,0.00022412129834442572,rule /ACUCAR|ALCOOL|ETANOL|BIOENERG|SUCROENERG/
51577236,XP PORTOS PARTICIPACOES SPE S.A.,airports_ports_logistics,name_rule,medium,0.00022412129834442572,rule /PORTUARI|CONTEINERES|TERMINA(L|IS)|\bPOR/
61088894,CAMBUCI S/A,textiles_apparel,cvm,medium,0.00022412129834442572,CVM: Têxtil e Vestuário
37663076,AUREN PARTICIPACOES S.A.,utilities_generation_hydro,manual,medium,0.00022412129834442572,Auren
07081291,PORTO PRIMAVERA TRANSMISSORA DE ENERGIA S.A.,utilities_transmission,name_rule,high,0.00022412129834442572,rule /TRANSMISSOR|TRANSMISSAO|INTERLIGACAO ELE/
00350763,JEF INVESTIMENTOS S.A.,banks_financials,name_rule,medium,0.0002192490962065034,rule /SEGUR|INVESTIMENTOS|FINANCEIR|CREDITO|CA/
32247733,SOLFACIL SECURITIZADORA CREDITO FINANCEIRO S.A.,banks_financials,name_rule,medium,0.0002192490962065034,rule /SECURITIZ/
08439659,CPFL ENERGIAS RENOVAVEIS S.A,utilities_generation_renewables,manual,high,0.0002192490962065034,CPFL Renovaveis
10994254,TRANSMISSORA MATOGROSSENSE DE ENERGIA S.A.,utilities_transmission,name_rule,high,0.00021437689406858111,rule /TRANSMISSOR|TRANSMISSAO|INTERLIGACAO ELE/
30311116,VILA PIAUI 2 EMPREENDIMENTOS E PARTICIPACOES S A,holding_diversified,name_rule,low,0.00021437689406858111,generic holding/participacoes name
27241084,PORTOCEM GERACAO DE ENERGIA SA,utilities_generation_thermal,manual,high,0.00021437689406858111,Portocem LNG thermal
05303439,UNIGEL PARTICIPACOES S.A.,petrochemicals,manual,high,0.00021437689406858111,Unigel - override [issuer override]
34622881,WINITY S.A.,telecom,name_rule,medium,0.00020950469193065883,rule /TELECOM|FIBRA|TORRES|WINITY|TELEFONIA/
30342595,SERRA DO MEL HOLDING S.A,utilities_generation_renewables,manual,medium,0.00020950469193065883,Serra do Mel wind
51337979,CONCESSIONARIA DO AEROPORTO INTERNACIONAL DE NATAL S.A.,airports_ports_logistics,name_rule,high,0.00020950469193065883,rule /AEROPORTO|VOE XAP/
26796739,TPE  - TRANSMISSORA PARAISO DE ENERGIA S.A.,utilities_transmission,name_rule,high,0.0002046324897927365,rule /TRANSMISSOR|TRANSMISSAO|INTERLIGACAO ELE/
41335131,MOTTU I S.A,car_rental_fleet,manual,medium,0.0002046324897927365,Mottu motorcycle rental
02560878,HOSPITAL ANCHIETA S.A.,healthcare,cvm,medium,0.0002046324897927365,CVM: Serviços Médicos
45688565,OLINDINA PARTICIPACOES S.A.,holding_diversified,name_rule,low,0.0002046324897927365,generic holding/participacoes name
49786044,TECP - TRANSMISSORA DE ENERGIA CENTRAL PAULISTANA S.A.,utilities_transmission,name_rule,high,0.0002046324897927365,rule /TRANSMISSOR|TRANSMISSAO|INTERLIGACAO ELE/
23485534,CENTRAL HIDRELETRICA PALMEIRAS DO TOCANTINS S/A,utilities_generation_hydro,name_rule,medium,0.0002046324897927365,rule /\bUHE\b|HIDRELETRICA|HIDRO ELETRICA|\bPC/
03798096,AGEO TERMINAIS E ARMAZENS GERAIS S/A,airports_ports_logistics,name_rule,medium,0.0002046324897927365,rule /PORTUARI|CONTEINERES|TERMINA(L|IS)|\bPOR/
32711933,ARTEON Z TRANSMISSAO E PARTICIPACOES S/A,utilities_transmission,name_rule,high,0.00019976028765481422,rule /TRANSMISSOR|TRANSMISSAO|INTERLIGACAO ELE/
36729398,COMPANHIA SECURITIZADORA DE CREDITOS FINANCEIROS VERT-PROVI II,banks_financials,cvm,medium,0.00019976028765481422,CVM: Securitização de Recebíveis
03951798,UCB DA AMAZONIA S/A,other,name_rule,low,0.00019488808551689193,no rule matched
26982634,TURBI COMPARTILHAMENTO DE VEICULOS S.A.,car_rental_fleet,manual,medium,0.00019488808551689193,Turbi car sharing
15494541,SALUS INFRAESTRUTURA PORTUARIA S.A.,airports_ports_logistics,manual,medium,0.00019001588337896964,Salus port infra
42152864,THALASSIUS A033.21 PARTICIPACOES S.A.,holding_diversified,name_rule,low,0.00018514368124104732,generic holding/participacoes name
41315638,CONCESSIONARIA DE RODOVIAS ROTA DOS GRAOS S/A,toll_roads,name_rule,high,0.00018514368124104732,rule /RODOVI|AUTOPISTA|CONCESSIONARIA|\bVIA\b|/
34878487,CAP TC TORRES E PARTICIPACOES S.A.,telecom,name_rule,medium,0.00018514368124104732,rule /TELECOM|FIBRA|TORRES|WINITY|TELEFONIA/
10285590,GRUPO DE MODA SOMA S.A.,textiles_apparel,cvm,medium,0.00018514368124104732,CVM: Têxtil e Vestuário
15674478,VENTOS  DE SAO VICENTE ENERGIAS RENOVAVEIS S.A.,utilities_generation_renewables,name_rule,high,0.00018027147910312503,rule /EOLIC|VENTOS|WIND|SOLAR|FOTOVOLTAIC|\bUF/
07483401,TOTAL BIOTECNOLOGIA INDUSTRIA E COMERCIO S.A.,fertilizers,manual,low,0.00018027147910312503,Total Biotecnologia biological inputs
61067904,AGUAS DO PARA D SPE S.A.,sanitation,cvm,medium,0.00018027147910312503,"CVM: Saneamento, Serv. Água e Gás"
34475373,XP COMERCIALIZADORA DE ENERGIA LTDA.,other,manual,medium,0.00018027147910312503,XP energy trader
19642306,CONCESSIONARIA DE RODOVIA SUL - MATOGROSSENSE S.A,toll_roads,name_rule,high,0.00017539927696520274,rule /RODOVI|AUTOPISTA|CONCESSIONARIA|\bVIA\b|/; CVM: Emp. Adm. Part. - Serviços Transporte e Logística
23509244,CENTRAL HIDRELETRICA SUCURI S.A.,utilities_generation_hydro,name_rule,medium,0.00017539927696520274,rule /\bUHE\b|HIDRELETRICA|HIDRO ELETRICA|\bPC/
61741462,SRBT SUBHOLDING S.A,holding_diversified,name_rule,low,0.00017539927696520274,generic holding/participacoes name
44319688,CONCESSIONARIA DO SISTEMA RODOVIARIO RIO-SAO PAULO S.A.,toll_roads,name_rule,high,0.00017539927696520274,rule /RODOVI|AUTOPISTA|CONCESSIONARIA|\bVIA\b|/; CVM: Emp. Adm. Part. - Serviços Transporte e Logística
03460864,LAJEADO ENERGIA S.A.,utilities_generation_hydro,manual,high,0.00017539927696520274,Lajeado
01280003,AGUAS DO PARAIBA S/A,sanitation,name_rule,high,0.00017052707482728043,rule /SANEAMENTO|\bAGUAS?\b|ESGOTO|AMBIENTAL|R/
27486182,VIACAO AGUIA BRANCA S/A,airports_ports_logistics,manual,medium,0.00017052707482728043,Aguia Branca bus transport
02211906,SRM SEC SECURITIZADORA SA,banks_financials,name_rule,medium,0.00017052707482728043,rule /SECURITIZ/
54218779,SPE SOL DO LESTE INFRAESTRUTURA S.A.,other,name_rule,low,0.00017052707482728043,no rule matched
42206269,CONCESSIONARIA DO BLOCO CENTRAL S.A.,airports_ports_logistics,manual,medium,0.00017052707482728043,CCR Bloco Central airports
39916142,UHE JURUENA SA,utilities_generation_hydro,name_rule,medium,0.00016565487268935814,rule /\bUHE\b|HIDRELETRICA|HIDRO ELETRICA|\bPC/
29532071,SPE TRANSMISSORA DE ENERGIA LINHA VERDE II S.A.,utilities_transmission,name_rule,high,0.00016565487268935814,rule /TRANSMISSOR|TRANSMISSAO|INTERLIGACAO ELE/
10553895,TRANSENERGIA RENOVAVEL S. A.,utilities_transmission,manual,low,0.00016565487268935814,"Transenergia (transmission, assumed)"
53172300,USINA SAO JOSE DA ESTIVA SA ACUCAR E ALCOOL,sugar_ethanol,name_rule,medium,0.00016565487268935814,rule /ACUCAR|ALCOOL|ETANOL|BIOENERG|SUCROENERG/
47238842,ALMADA ENERGIA RENOVAVEL S.A.,utilities_generation_renewables,name_rule,high,0.00016565487268935814,rule /EOLIC|VENTOS|WIND|SOLAR|FOTOVOLTAIC|\bUF/
35674418,AGE ADMINISTRACAO E PARTICIPACOES S.A..,holding_diversified,name_rule,low,0.00016565487268935814,generic holding/participacoes name
10997565,TRANSENERGIA SAO PAULO S.A.,utilities_transmission,manual,medium,0.00016565487268935814,Transenergia SP (transmission)
03307926,BRADO LOGISTICA S. A.,railways,manual,medium,0.00016078267055143585,Brado (Rumo containers)
53859112,COMPANHIA JAGUARI DE ENERGIA,utilities_distribution,manual,medium,0.00016078267055143585,CPFL Jaguari
23514652,UTE GNA II GERACAO DE ENERGIA S.A.,utilities_generation_thermal,manual,high,0.00016078267055143585,GNA II LNG thermal
00924429,FERROVIA CENTRO ATLANTICA S/A,railways,manual,high,0.00016078267055143585,FCA (VLI)
14683671,TRANSNORTE ENERGIA S.A.,utilities_transmission,manual,medium,0.00016078267055143585,Transnorte (transmission)
07534805,SPREAD PARTICIPACOES S.A.,holding_diversified,name_rule,low,0.00015591046841351353,generic holding/participacoes name
13015402,BRK AMBIENTAL - URUGUAIANA S.A.,sanitation,name_rule,high,0.00015591046841351353,rule /SANEAMENTO|\bAGUAS?\b|ESGOTO|AMBIENTAL|R/
19091996,MOBITECH LOCADORA DE VEICULOS S.A.,car_rental_fleet,manual,medium,0.00015591046841351353,Mobitech
49760943,GUARULHOS LUZ SPE S/A,other,name_rule,low,0.00015591046841351353,no rule matched
88610126,FRAS-LE S.A,other,manual,medium,0.00015103826627559124,Fras-le auto parts (capital goods)
39580673,BRK AMBIENTAL - REGIAO METROPOLITANA DE MACEIO S.A.,sanitation,cvm,medium,0.00015103826627559124,"CVM: Emp. Adm. Part. - Saneamento, Serv. Água e Gás"
08769451,RIZA SECURITIZADORA S.A.,banks_financials,cvm,medium,0.00015103826627559124,CVM: Securitização de Recebíveis
60408635,REGERA GRID HOLDING S.A.,utilities_transmission,manual,low,0.00015103826627559124,Regera grid (assumed)
05680391,FSF TECNOLOGIA S A,technology,name_rule,low,0.00015103826627559124,rule /TECNOLOGIA|SISTEMAS|SOFTWARE/
51137031,EPR LITORAL PIONEIRO S.A.,toll_roads,name_rule,high,0.00015103826627559124,rule /RODOVI|AUTOPISTA|CONCESSIONARIA|\bVIA\b|/; CVM: Serviços Transporte e Logística
09324949,AUTOPISTA FLUMINENSE S/A,toll_roads,name_rule,high,0.00015103826627559124,rule /RODOVI|AUTOPISTA|CONCESSIONARIA|\bVIA\b|/; CVM: Serviços Transporte e Logística
92665611,DIMED S.A. DISTRIBUIDORA DE MEDICAMENTOS,retail,manual,high,0.00015103826627559124,Panvel pharmacy
15012434,TUBARAO SANEAMENTO S.A.,sanitation,name_rule,high,0.00014616606413766895,rule /SANEAMENTO|\bAGUAS?\b|ESGOTO|AMBIENTAL|R/
61231478,COMPANHIA AGRICOLA USINA JACAREZINHO,sugar_ethanol,name_rule,medium,0.00014616606413766895,rule /ACUCAR|ALCOOL|ETANOL|BIOENERG|SUCROENERG/
09053134,ELFA MEDICAMENTOS SA,healthcare,cvm,medium,0.00014616606413766895,CVM: Serviços Médicos
20512213,CHAPADA DO PIAUI  I  HOLDING S.A.,utilities_generation_renewables,manual,medium,0.00014616606413766895,Chapada do Piaui wind
01944031,DISTRIBUIDORA  DE  AGUA  CAMACARI  S.A.,sanitation,name_rule,high,0.00014616606413766895,rule /SANEAMENTO|\bAGUAS?\b|ESGOTO|AMBIENTAL|R/
34138610,ICATU SERVICOS DE ADMINISTRACAO PREVIDENCIARIA E CONSULTORIA S.A.,banks_financials,name_rule,medium,0.00014616606413766895,rule /SEGUR|INVESTIMENTOS|FINANCEIR|CREDITO|CA/
52609844,HELEXIA SBH4 S.A.,utilities_generation_renewables,manual,medium,0.00014129386199974664,Helexia solar
91830836,OLFAR S.A.  ALIMENTO E ENERGIA,agribusiness_grains,manual,medium,0.00014129386199974664,Olfar crushing/biodiesel - override [issuer override]
20611180,SETELOC S.A,car_rental_fleet,manual,low,0.00014129386199974664,Seteloc vehicle rental (assumed)
13787764,DELTA GERACAO DE ENERGIA  INVESTIMENTOS E PARTICIPACOES S.A,utilities_generation_renewables,manual,medium,0.00014129386199974664,Delta wind
23397533,AGUAS DE CAMBORIU SANEAMENTO SPE S.A.,sanitation,name_rule,high,0.00013642165986182435,rule /SANEAMENTO|\bAGUAS?\b|ESGOTO|AMBIENTAL|R/
46626686,VICOSA ENERGIA RENOVAVEL S.A.,utilities_generation_renewables,name_rule,high,0.00013642165986182435,rule /EOLIC|VENTOS|WIND|SOLAR|FOTOVOLTAIC|\bUF/
46710597,FS I INDUSTRIA DE ETANOL S.A,sugar_ethanol,manual,high,0.00013642165986182435,FS corn ethanol - override [issuer override]
32770457,COMPANHIA SECURITIZADORA DE CREDITOS FINANCEIROS VERT-GYRA,banks_financials,cvm,medium,0.00013642165986182435,CVM: Securitização de Recebíveis
10158356,CPX DISTRIBUIDORA S/A,retail,manual,low,0.00013642165986182435,CPX distribuidora
46058894,MORRO REDONDO ENERGIA RENOVAVEL S.A.,utilities_generation_renewables,name_rule,high,0.00013642165986182435,rule /EOLIC|VENTOS|WIND|SOLAR|FOTOVOLTAIC|\bUF/
30321883,VILA PIAUI 1 EMPREENDIMENTOS E PARTICIPACOES S.A.,holding_diversified,name_rule,low,0.00013154945772390206,generic holding/participacoes name
19943730,VOLTALIA  SAO  MIGUEL DO GOSTOSO PARTICIPACOES S.A,utilities_generation_renewables,manual,medium,0.00013154945772390206,Voltalia wind
11198242,OSX CONSTRUCAO NAVAL SA-EM REC.JUDICIAL,oil_gas,manual,low,0.00013154945772390206,OSX shipbuilding [issuer override]
21180700,AGUAS DE SAO FRANCISCO DO SUL SPE S.A.,sanitation,name_rule,high,0.00013154945772390206,rule /SANEAMENTO|\bAGUAS?\b|ESGOTO|AMBIENTAL|R/
02536066,VITAL ENGENHARIA AMBIENTAL SA,sanitation,cvm,medium,0.00013154945772390206,"CVM: Saneamento, Serv. Água e Gás"
08845676,CORPOREOS SERVICOS TERAPEUTICOS SA,healthcare,cvm,medium,0.00013154945772390206,CVM: Serviços Médicos
60884855,IMPAR SERVICOS HOSPITALARES S/A,healthcare,name_rule,medium,0.00012667725558597974,rule /HOSPITA|SAUDE|MEDIC|ONCOLOG|FARMAC|LABOR/
46984425,URBIA CATARATAS S/A,other,name_rule,low,0.00012667725558597974,no rule matched
46623499,FAZENDINHA ENERGIA RENOVAVEL S.A.,utilities_generation_renewables,name_rule,high,0.00012667725558597974,rule /EOLIC|VENTOS|WIND|SOLAR|FOTOVOLTAIC|\bUF/
75633560,CATTALINI TERMINAIS MARITIMOS S.A.,airports_ports_logistics,name_rule,medium,0.00012667725558597974,rule /PORTUARI|CONTEINERES|TERMINA(L|IS)|\bPOR/
10515756,EVOLTZ VIII TRANSMISSORA DE ENERGIA S/A,utilities_transmission,name_rule,high,0.00012667725558597974,rule /TRANSMISSOR|TRANSMISSAO|INTERLIGACAO ELE/
55231969,EPR VIA MINEIRA S.A.,toll_roads,name_rule,high,0.00012667725558597974,rule /RODOVI|AUTOPISTA|CONCESSIONARIA|\bVIA\b|/; CVM: Serviços Transporte e Logística
08806925,EVOLTZ VII - FOZ DO IGUACU TRANSMISSORA DE ENERGIA S.A,utilities_transmission,name_rule,high,0.00012667725558597974,rule /TRANSMISSOR|TRANSMISSAO|INTERLIGACAO ELE/
40952394,VIA BRASIL MT 246 CONCESSIONARIA DE RODOVIAS S.A.,toll_roads,name_rule,high,0.00012667725558597974,rule /RODOVI|AUTOPISTA|CONCESSIONARIA|\bVIA\b|/
04065033,ENERGISA ACRE - DISTRIBUIDORA DE ENERGIA S/A,utilities_distribution,name_rule,high,0.00012180505344805745,rule /DISTRIBUI.*ENERGIA|ENERGIA.*DISTRIBUI|DI/
27821748,TRANSMISSAO SP-MG S/A,utilities_transmission,name_rule,high,0.00012180505344805745,rule /TRANSMISSOR|TRANSMISSAO|INTERLIGACAO ELE/
42936159,DOURADOS ENERGIA S.A,utilities_generation_renewables,name_rule,low,0.00012180505344805745,rule /ENERGIA|ENERGY|GERACAO|GERADORA/
58484141,CONCESSIONARIA ROTA SOROCABANA SA,toll_roads,name_rule,high,0.00012180505344805745,rule /RODOVI|AUTOPISTA|CONCESSIONARIA|\bVIA\b|/
62233407,INEER LOC DE EQUIPAMENTOS II SA,trucking_equipment_rental,manual,medium,0.00012180505344805745,Ineer equipment rental
26025075,AGUAS DE BOMBINHAS SANEAMENTO SPE S.A.,sanitation,name_rule,high,0.00012180505344805745,rule /SANEAMENTO|\bAGUAS?\b|ESGOTO|AMBIENTAL|R/
10362820,USINA SAO JOSE S/A,sugar_ethanol,name_rule,medium,0.00012180505344805745,rule /ACUCAR|ALCOOL|ETANOL|BIOENERG|SUCROENERG/
97837181,DEXCO S.A,cement_construction_materials,manual,high,0.00012180505344805745,Dexco
08259544,TOPICO LOCACOES DE GALPOES E EQUIPAMENTOS PARA INDUSTRIAS S/A,trucking_equipment_rental,manual,low,0.00012180505344805745,Topico warehouse/equipment rental
26609050,TRAVESSIA SECURITIZADORA S.A.,banks_financials,cvm,medium,0.00011693285131013515,CVM: Securitização de Recebíveis
48415978,LEVERAGE COMPANHIA SECURITIZADORA,banks_financials,name_rule,medium,0.00011693285131013515,rule /SECURITIZ/
11421994,ORIZON VALORIZACAO DE RESIDUOS S.A.,sanitation,cvm,medium,0.00011693285131013515,"CVM: Saneamento, Serv. Água e Gás"
46633720,COLORADO ENERGIA RENOVAVEL SA,utilities_generation_renewables,name_rule,high,0.00011693285131013515,rule /EOLIC|VENTOS|WIND|SOLAR|FOTOVOLTAIC|\bUF/
48725405,BLOCO DE ONZE AEROPORTOS DO BRASIL S.A,airports_ports_logistics,manual,high,0.00011693285131013515,Aena airports block
52890908,ARTESANAL SECURITIZADORA DE CREDITOS S.A.,banks_financials,name_rule,medium,0.00011693285131013515,rule /SECURITIZ/
38199406,RIO ALTO ENERGIAS RENOVAVEIS SA,utilities_generation_renewables,name_rule,high,0.00011206064917221286,rule /EOLIC|VENTOS|WIND|SOLAR|FOTOVOLTAIC|\bUF/; CVM: Energia Elétrica
50117483,AXS ENERGIA UNIDADE 11 S.A.,utilities_generation_renewables,name_rule,high,0.00011206064917221286,rule /EOLIC|VENTOS|WIND|SOLAR|FOTOVOLTAIC|\bUF/
47239859,ENSEADA ENERGIA RENOVAVEL S.A.,utilities_generation_renewables,name_rule,high,0.00011206064917221286,rule /EOLIC|VENTOS|WIND|SOLAR|FOTOVOLTAIC|\bUF/
01599101,SEQUOIA LOGISTICA E TRANSPORTES S.A,airports_ports_logistics,name_rule,medium,0.00011206064917221286,rule /PORTUARI|CONTEINERES|TERMINA(L|IS)|\bPOR/; CVM: Serviços Transporte e Logística
09625321,NORTE BRASIL TRANSMISSORA DE ENERGIA S.A.,utilities_transmission,name_rule,high,0.00011206064917221286,rule /TRANSMISSOR|TRANSMISSAO|INTERLIGACAO ELE/; CVM: Energia Elétrica
53074942,THOPEN SOLAR 55 SPE S.A.,utilities_generation_renewables,name_rule,high,0.00011206064917221286,rule /EOLIC|VENTOS|WIND|SOLAR|FOTOVOLTAIC|\bUF/
10209063,RECH AGRICOLA S/A,agribusiness_grains,manual,low,0.00011206064917221286,Rech agricola
44373108,COCAL COMERCIO INDUSTRIA CANAA ACUCAR E ALCOOL S.A.,sugar_ethanol,name_rule,medium,0.00011206064917221286,rule /ACUCAR|ALCOOL|ETANOL|BIOENERG|SUCROENERG/
35637796,LINS AGROINDUSTRIAL S.A.,sugar_ethanol,name_rule,medium,0.00011206064917221286,rule /ACUCAR|ALCOOL|ETANOL|BIOENERG|SUCROENERG/
08336804,CELESC GERACAO S.A,utilities_generation_hydro,manual,high,0.00010718844703429056,Celesc G
07674341,USINA UBERABA S/A,sugar_ethanol,name_rule,medium,0.00010718844703429056,rule /ACUCAR|ALCOOL|ETANOL|BIOENERG|SUCROENERG/
01335341,PORTONAVE S.A.- TERMINAIS PORTUARIOS DE NAVEGANTES,airports_ports_logistics,name_rule,medium,0.00010718844703429056,rule /PORTUARI|CONTEINERES|TERMINA(L|IS)|\bPOR/
62840928,TCX RENOVAVEIS E PARTICIPACOES S.A.,utilities_generation_renewables,name_rule,high,0.00010718844703429056,rule /EOLIC|VENTOS|WIND|SOLAR|FOTOVOLTAIC|\bUF/
49272860,APIUNA PARTICIPACOES S/A,holding_diversified,name_rule,low,0.00010718844703429056,generic holding/participacoes name
10242524,PEDRAS TRANSMISSORA DE ENERGIA S.A,utilities_transmission,name_rule,high,0.00010718844703429056,rule /TRANSMISSOR|TRANSMISSAO|INTERLIGACAO ELE/
61067902,AGUAS DO PARA B SPE S.A.,sanitation,cvm,medium,0.00010718844703429056,"CVM: Saneamento, Serv. Água e Gás"
44649812,NOTRE DAME INTERMEDICA SAUDE S/A,healthcare,name_rule,medium,0.00010231624489636825,rule /HOSPITA|SAUDE|MEDIC|ONCOLOG|FARMAC|LABOR/
09334083,EDP RENOVAVEIS BRASIL S/A,utilities_generation_renewables,manual,high,0.00010231624489636825,EDP Renovaveis
22902694,SELF IT ACADEMIAS  HOLDING S.A.,other,manual,medium,0.00010231624489636825,Selfit gyms
27373249,PROTON ENERGY PARTICIPACOES S.A.,utilities_generation_renewables,name_rule,low,0.00010231624489636825,rule /ENERGIA|ENERGY|GERACAO|GERADORA/
07153003,COMPANHIA TRANSIRAPE DE TRANSMISSAO,utilities_transmission,name_rule,high,0.00010231624489636825,rule /TRANSMISSOR|TRANSMISSAO|INTERLIGACAO ELE/
58478624,BRAZIL GREEN OPPORTUNITIES PARTICIPACOES S.A,holding_diversified,name_rule,low,0.00010231624489636825,generic holding/participacoes name
15484093,ECO101 CONCESSIONARIA DE RODOVIAS S/A.,toll_roads,name_rule,high,0.00010231624489636825,rule /RODOVI|AUTOPISTA|CONCESSIONARIA|\bVIA\b|/; CVM: Serviços Transporte e Logística
44109598,CONCESSIONARIA DE SANEAMENTO DO AMAPA SPE S.A.,sanitation,name_rule,high,0.00010231624489636825,rule /SANEAMENTO|\bAGUAS?\b|ESGOTO|AMBIENTAL|R/
03852459,EGTC INFRA S.A.,other,name_rule,low,0.00010231624489636825,no rule matched
26845702,BELEM TRANSMISSORA DE ENERGIA S.A.,utilities_transmission,name_rule,high,9.744404275844596e-05,rule /TRANSMISSOR|TRANSMISSAO|INTERLIGACAO ELE/; CVM: Energia Elétrica
49408882,THOPEN SOLAR 10 S.A.,utilities_generation_renewables,name_rule,high,9.257184062052366e-05,rule /EOLIC|VENTOS|WIND|SOLAR|FOTOVOLTAIC|\bUF/
03987364,ATEM DISTRIBUIDORA DE PETROLEO S.A.,fuel_distribution,manual,high,9.257184062052366e-05,Atem
50059431,AXS ENERGIA UNIDADE 09 S.A.,utilities_generation_renewables,name_rule,high,9.257184062052366e-05,rule /EOLIC|VENTOS|WIND|SOLAR|FOTOVOLTAIC|\bUF/
46989951,EDP TRANSMISSAO NORDESTE S.A.,utilities_transmission,name_rule,high,9.257184062052366e-05,rule /TRANSMISSOR|TRANSMISSAO|INTERLIGACAO ELE/
46059743,CID MOTA I ENERGIA RENOVAVEL S.A.,utilities_generation_renewables,name_rule,high,9.257184062052366e-05,rule /EOLIC|VENTOS|WIND|SOLAR|FOTOVOLTAIC|\bUF/
16825255,SUHAI SEGURADORA S.A.,banks_financials,name_rule,medium,9.257184062052366e-05,rule /SEGUR|INVESTIMENTOS|FINANCEIR|CREDITO|CA/
11371025,BETA PRODUTORA DE ENERGIA SPE SA.,utilities_generation_renewables,name_rule,low,9.257184062052366e-05,rule /ENERGIA|ENERGY|GERACAO|GERADORA/
24011952,EOLICA SERRA DAS VACAS HOLDING II S/A,utilities_generation_renewables,name_rule,high,9.257184062052366e-05,rule /EOLIC|VENTOS|WIND|SOLAR|FOTOVOLTAIC|\bUF/
07729358,IBIPAR S.A.,other,name_rule,low,9.257184062052366e-05,no rule matched
15190480,DELTA 2 ENERGIA S/A,utilities_generation_renewables,manual,medium,9.257184062052366e-05,Delta wind
26845283,ALTO SERTAO TRANSMISSORA DE ENERGIA S.A,utilities_transmission,name_rule,high,8.769963848260137e-05,rule /TRANSMISSOR|TRANSMISSAO|INTERLIGACAO ELE/
30799177,INFRAESTRUTURA BRASIL HOLDING II S.A.,holding_diversified,name_rule,low,8.769963848260137e-05,generic holding/participacoes name
54414102,LIQI SECURITIZADORA SA,banks_financials,name_rule,medium,8.769963848260137e-05,rule /SECURITIZ/
02149205,PORTO SEGURO S.A.,banks_financials,cvm,medium,8.769963848260137e-05,CVM: Seguradoras e Corretoras
58239603,CONCESSIONARIA DE RODOVIA NOVA 381 S.A.,toll_roads,name_rule,high,8.769963848260137e-05,rule /RODOVI|AUTOPISTA|CONCESSIONARIA|\bVIA\b|/
36475062,EMAM PARTICIPACOES LTDA,holding_diversified,name_rule,low,8.769963848260137e-05,generic holding/participacoes name
23778492,ASSURUA 1 ENERGIA S.A.,utilities_generation_renewables,manual,medium,8.769963848260137e-05,Assurua wind
49703913,PLATAO CAPITAL S.A.,utilities_generation_renewables,cvm,low,8.769963848260137e-05,CVM (ambiguous): Emp. Adm. Part. - Energia Elétrica
55739083,SPE INTEGRA 2 S/A,other,name_rule,low,8.282743634467907e-05,no rule matched
22761584,FORTBRAS AUTOPECAS S/A,retail,manual,medium,8.282743634467907e-05,Fortbras auto parts retail
57417537,OXYMED COMERCIO E LOCACAO DE EQUIPAMENTOS MEDICO HOSPITALARES S.A.,trucking_equipment_rental,name_rule,medium,8.282743634467907e-05,rule /LOCACAO|LOCADORA/
51321805,REUSO ITABORAI S.A,sanitation,name_rule,high,8.282743634467907e-05,rule /SANEAMENTO|\bAGUAS?\b|ESGOTO|AMBIENTAL|R/
01612234,CONCESSIONARIA DA RODOVIA DOS LAGOS S/A,toll_roads,name_rule,high,8.282743634467907e-05,rule /RODOVI|AUTOPISTA|CONCESSIONARIA|\bVIA\b|/
08220952,RCS TECNOLOGIA S.A.,technology,name_rule,low,8.282743634467907e-05,rule /TECNOLOGIA|SISTEMAS|SOFTWARE/
52805588,IGARAPAVA SANEAMENTO S.A.,sanitation,name_rule,high,8.282743634467907e-05,rule /SANEAMENTO|\bAGUAS?\b|ESGOTO|AMBIENTAL|R/
46737411,FORTEPAR OPERACOES PORTUARIAS S.A.,airports_ports_logistics,name_rule,medium,7.795523420675677e-05,rule /PORTUARI|CONTEINERES|TERMINA(L|IS)|\bPOR/
25249439,HOSPITAL CARE CALEDONIA SA,healthcare,cvm,medium,7.795523420675677e-05,CVM: Serviços Médicos
03585974,OMNILINK TECNOLOGIA S/A,technology,name_rule,low,7.795523420675677e-05,rule /TECNOLOGIA|SISTEMAS|SOFTWARE/
49571208,FORTBRASIL ALFA SECURITIZADORA S.A..,banks_financials,name_rule,medium,7.795523420675677e-05,rule /SECURITIZ/
15186494,SAO GABRIEL SANEAMENTO S.A,sanitation,name_rule,high,7.795523420675677e-05,rule /SANEAMENTO|\bAGUAS?\b|ESGOTO|AMBIENTAL|R/
19924678,SCG IV HOLDING S/A,holding_diversified,name_rule,low,7.795523420675677e-05,generic holding/participacoes name
19046324,EDGE COMERCIALIZACAO S.A.,other,manual,medium,7.795523420675677e-05,energy trader
26855869,AGUA VERMELHA TRANSMISSORA DE ENERGIA S.A,utilities_transmission,name_rule,high,7.795523420675677e-05,rule /TRANSMISSOR|TRANSMISSAO|INTERLIGACAO ELE/
27865757,GLOBO COMUNICACOES E PARTICIPACOES S/A,other,manual,medium,7.795523420675677e-05,Globo media
63216005,BRAZIL GREEN OPPORTUNITIES II SPE LTDA.,other,name_rule,low,7.308303206883448e-05,no rule matched
48569926,AMBIENTAL CEARA 2 SPE S.A.,sanitation,name_rule,high,7.308303206883448e-05,rule /SANEAMENTO|\bAGUAS?\b|ESGOTO|AMBIENTAL|R/
61806505,COCAL PASSA TEMPO AGROINDUSTRIAL S.A.,sugar_ethanol,name_rule,medium,7.308303206883448e-05,rule /ACUCAR|ALCOOL|ETANOL|BIOENERG|SUCROENERG/
22091543,PCH BV II - GERACAO DE ENERGIA S.A.,utilities_generation_hydro,name_rule,medium,7.308303206883448e-05,rule /\bUHE\b|HIDRELETRICA|HIDRO ELETRICA|\bPC/
46409396,AXS ENERGIA UFV GOIAS SPE S.A.,utilities_generation_renewables,name_rule,high,7.308303206883448e-05,rule /EOLIC|VENTOS|WIND|SOLAR|FOTOVOLTAIC|\bUF/
48569940,AMBIENTAL CEARA 1 SPE S.A.,sanitation,name_rule,high,7.308303206883448e-05,rule /SANEAMENTO|\bAGUAS?\b|ESGOTO|AMBIENTAL|R/
43217280,SOCICAM ADMINISTRACAO PROJETOS E REPRESENTACOES S.A.,other,manual,medium,7.308303206883448e-05,Socicam bus terminals
31907982,FILADELFIA SECURITIZADORA S/A,banks_financials,cvm,medium,7.308303206883448e-05,CVM: Securitização de Recebíveis
36238874,DM SECURITIZADORA S.A,banks_financials,name_rule,medium,7.308303206883448e-05,rule /SECURITIZ/
26712591,INTERLIGACAO ELETRICA PARAGUACU S.A,utilities_transmission,name_rule,high,7.308303206883448e-05,rule /TRANSMISSOR|TRANSMISSAO|INTERLIGACAO ELE/
43335774,TRAVESSIA SECURITIZADORA DE CREDITOS MERCANTIS VI S.A.,banks_financials,cvm,medium,6.821082993091217e-05,CVM: Securitização de Recebíveis
34469625,COMPANHIA SECURITIZADORA DE CREDITOS FINANCEIROS VERT PROVI,banks_financials,cvm,medium,6.821082993091217e-05,CVM: Securitização de Recebíveis
01413969,COMFRIO SOLUCOES LOGISTICAS S.  A.,airports_ports_logistics,manual,medium,6.821082993091217e-05,Comfrio cold-chain logistics
41890246,FORTBRASIL SECURITIZADORA S.A.,banks_financials,name_rule,medium,6.821082993091217e-05,rule /SECURITIZ/
19382073,UFV PITOMBEIRA S.A.,utilities_generation_renewables,name_rule,high,6.821082993091217e-05,rule /EOLIC|VENTOS|WIND|SOLAR|FOTOVOLTAIC|\bUF/
63732070,VITA SERTAO CONCESSIONARIA DE SANEAMENTO S.A.,sanitation,name_rule,high,6.821082993091217e-05,rule /SANEAMENTO|\bAGUAS?\b|ESGOTO|AMBIENTAL|R/
04854422,AGRICOLA ALVORADA S.A.,agribusiness_grains,manual,low,6.821082993091217e-05,Agricola Alvorada
01425787,REDECARD INSTITUICAO DE PAGAMENTO S.A,banks_financials,manual,high,6.821082993091217e-05,Rede (Itau acquiring)
56986853,GY ENERGY HOLDING III S.A,utilities_generation_renewables,name_rule,low,6.333862779298987e-05,rule /ENERGIA|ENERGY|GERACAO|GERADORA/
01157555,TENDA ATACADO S/A,retail,manual,medium,6.333862779298987e-05,Tenda atacado
40074069,AMBIENTAL MS PANTANAL SPE S.A,sanitation,name_rule,high,6.333862779298987e-05,rule /SANEAMENTO|\bAGUAS?\b|ESGOTO|AMBIENTAL|R/
29423638,ENC ENERGY BRASIL PARTICIPACOES S.A,utilities_generation_renewables,name_rule,low,6.333862779298987e-05,rule /ENERGIA|ENERGY|GERACAO|GERADORA/
06160688,CBV CENTRO BRASILEIRO DA VISAO SA,healthcare,name_rule,medium,6.333862779298987e-05,rule /HOSPITA|SAUDE|MEDIC|ONCOLOG|FARMAC|LABOR/
07655515,HYDRIA PARTICIPACOES INVESTIMENTOS S.A,banks_financials,name_rule,medium,5.8466425655067575e-05,rule /SEGUR|INVESTIMENTOS|FINANCEIR|CREDITO|CA/
62142408,VILLA LOBOS SP GESTAO EMPRESARIAL S.A,other,name_rule,low,5.8466425655067575e-05,no rule matched
13039389,ATTEND  AMBIENTAL S.A.,sanitation,name_rule,high,5.8466425655067575e-05,rule /SANEAMENTO|\bAGUAS?\b|ESGOTO|AMBIENTAL|R/
61082988,MARINGA FERRO LIGA SA,steel_metals,manual,medium,5.8466425655067575e-05,ferro-alloys
12561807,ASCENSUS GESTAO E PARTICIPACOES S.A,holding_diversified,name_rule,low,5.8466425655067575e-05,generic holding/participacoes name
46574475,METRO BH S.A.,toll_roads,manual,medium,5.8466425655067575e-05,Metro BH - urban transit
00954394,VULCABRAS - CE CALCADOS E ARTIGOS ESPORTIVOS S/A,textiles_apparel,manual,high,5.8466425655067575e-05,Vulcabras footwear
42579834,MEZ T1 TRANSMISSORA E PARTICIPACOES S.A.,utilities_transmission,name_rule,high,5.8466425655067575e-05,rule /TRANSMISSOR|TRANSMISSAO|INTERLIGACAO ELE/
30017051,EREN DRACENA PARTICIPACOES S/A,holding_diversified,name_rule,low,5.8466425655067575e-05,generic holding/participacoes name
51090771,QLUZ ITAJAI CON. DE ILUMI. PUB. SPE S/A,other,name_rule,medium,5.8466425655067575e-05,rule /ILUMINACAO|ILUMINA |IL\. ?PUB|\bQLUZ\b/
29568539,SPE TRANSMISSORA DE ENERGIA LINHA VERDE I S.A,utilities_transmission,name_rule,high,5.8466425655067575e-05,rule /TRANSMISSOR|TRANSMISSAO|INTERLIGACAO ELE/
02397080,ITAPEBI GERACAO DE ENERGIA S/A,utilities_generation_hydro,manual,high,5.359422351714528e-05,Itapebi
17718542,ALLONDA PARTICIPACOES S.A,holding_diversified,name_rule,low,5.359422351714528e-05,generic holding/participacoes name
61067161,NADIR FIGUEIREDO S.A,other,manual,medium,5.359422351714528e-05,Nadir Figueiredo glassware
60602195,EDEN EMPREENDIMENTOS E PARTICIPACOES S.A.,holding_diversified,name_rule,low,5.359422351714528e-05,generic holding/participacoes name
63779546,SPAR I SUBHOLDING S.A.,holding_diversified,name_rule,low,4.872202137922298e-05,generic holding/participacoes name
14998371,J. MACEDO S/A,food_beverages,cvm,medium,4.872202137922298e-05,CVM: Alimentos [issuer override]
50399553,CONCESSIONARIA RODOANEL NORTE SPE - S.A.,toll_roads,name_rule,high,4.872202137922298e-05,rule /RODOVI|AUTOPISTA|CONCESSIONARIA|\bVIA\b|/; CVM: Emp. Adm. Part. - Serviços Transporte e Logística
24013278,UNIAO COMERCIAL BARAO S/A LOCACAO E EMPREENDIMENTOS,real_estate,manual,low,4.872202137922298e-05,Barao locacao e empreendimentos
26707830,INTERLIGACAO ELETRICA AIMORES S.A,utilities_transmission,name_rule,high,4.872202137922298e-05,rule /TRANSMISSOR|TRANSMISSAO|INTERLIGACAO ELE/
58771847,QLUZ PARTICIPACOES S.A.,other,name_rule,medium,4.3849819241300686e-05,rule /ILUMINACAO|ILUMINA |IL\. ?PUB|\bQLUZ\b/
16990436,CAMPO LARGO PATRIMONIAL S/A,real_estate,manual,low,4.3849819241300686e-05,Campo Largo patrimonial
50513730,USINA BROMELIA SPE S.A,sugar_ethanol,name_rule,medium,4.3849819241300686e-05,rule /ACUCAR|ALCOOL|ETANOL|BIOENERG|SUCROENERG/
02415408,CONCESSIONARIA DE RODOVIAS DO OESTE DE SAO PAULO - VIAOESTE S.A.,toll_roads,name_rule,high,3.897761710337838e-05,rule /RODOVI|AUTOPISTA|CONCESSIONARIA|\bVIA\b|/; CVM: Serviços Transporte e Logística
23486042,AGUAS DE PENHA SANEAMENTO SPE S.A.,sanitation,name_rule,high,3.897761710337838e-05,rule /SANEAMENTO|\bAGUAS?\b|ESGOTO|AMBIENTAL|R/
48566571,DOURADOQUARA ENERGIA SA,utilities_generation_renewables,name_rule,low,3.897761710337838e-05,rule /ENERGIA|ENERGY|GERACAO|GERADORA/
46630811,VILHENA ENERGIA RENOVAVEL S.A.,utilities_generation_renewables,name_rule,high,3.897761710337838e-05,rule /EOLIC|VENTOS|WIND|SOLAR|FOTOVOLTAIC|\bUF/
03286888,SOTRAN S.A. LOGISTICA E TRANSPORTE,airports_ports_logistics,name_rule,medium,3.897761710337838e-05,rule /PORTUARI|CONTEINERES|TERMINA(L|IS)|\bPOR/
19126003,COPEL SERVICOS S.A.,other,manual,medium,3.897761710337838e-05,Copel services
19046080,ENEL GREEN POWER DAMASCENA EOLICA S.A.,utilities_generation_renewables,name_rule,high,3.897761710337838e-05,rule /EOLIC|VENTOS|WIND|SOLAR|FOTOVOLTAIC|\bUF/
32997529,LC ENERGIA HOLDING S.A.,utilities_generation_renewables,name_rule,low,3.897761710337838e-05,rule /ENERGIA|ENERGY|GERACAO|GERADORA/
17858631,MATRIX COMERCIALIZADORA DE ENERGIA ELETRICA S.A,other,manual,medium,3.897761710337838e-05,energy trader
14820905,TRANSMISSORA SUL BRASILEIRA DE ENERGIA S.A.,utilities_transmission,name_rule,high,3.897761710337838e-05,rule /TRANSMISSOR|TRANSMISSAO|INTERLIGACAO ELE/
18328118,PET CENTER COMERCIO  E PARTICIPACOES S.A.,retail,manual,high,3.897761710337838e-05,Petz
53431099,AUTOGERACAO SOLAR PART. VI HOLDING S.A,utilities_generation_renewables,name_rule,high,3.897761710337838e-05,rule /EOLIC|VENTOS|WIND|SOLAR|FOTOVOLTAIC|\bUF/
55078938,EDP TRANSMISSAO NORTE NORDESTE 2 S.A.,utilities_transmission,name_rule,high,3.897761710337838e-05,rule /TRANSMISSOR|TRANSMISSAO|INTERLIGACAO ELE/
13743550,ASCENTY DATA CENTERS E TELECOMUNICACOES S/A,technology,manual,medium,3.897761710337838e-05,Ascenty data centers
03024705,NECTA GAS NATURAL S.A,utilities_distribution,manual,high,3.897761710337838e-05,Necta gas
24905442,SUBESTACAO AGUA AZUL SPE S/A,utilities_transmission,name_rule,high,3.897761710337838e-05,rule /TRANSMISSOR|TRANSMISSAO|INTERLIGACAO ELE/
43880268,AXIS SOLARIX EMPR,utilities_generation_renewables,name_rule,high,3.897761710337838e-05,rule /EOLIC|VENTOS|WIND|SOLAR|FOTOVOLTAIC|\bUF/
46976719,C. DE IL. PUB. CONECTA CAMPINAS S.A,other,name_rule,medium,3.897761710337838e-05,rule /ILUMINACAO|ILUMINA |IL\. ?PUB|\bQLUZ\b/
43945407,HELEXIA GERACAO HOLDING S.A.,utilities_generation_renewables,manual,medium,3.410541496545609e-05,Helexia solar
40689707,CIRANDA I HOLDING S.A.,holding_diversified,name_rule,low,3.410541496545609e-05,generic holding/participacoes name
36641320,AMBIENTAL METROSUL CONCESSIONARIA DE SANEAMENTO SPE S.A.,sanitation,name_rule,high,3.410541496545609e-05,rule /SANEAMENTO|\bAGUAS?\b|ESGOTO|AMBIENTAL|R/
59981829,RODOBENS S.A,retail,manual,medium,3.410541496545609e-05,Rodobens dealership/consortium
58425324,AGUAS DO PIAUI SPE S.A.,sanitation,name_rule,high,3.410541496545609e-05,rule /SANEAMENTO|\bAGUAS?\b|ESGOTO|AMBIENTAL|R/
49381686,ATLAS BRASIL ENERGIA HOLDING 4 S.A,utilities_generation_renewables,name_rule,low,3.410541496545609e-05,rule /ENERGIA|ENERGY|GERACAO|GERADORA/
24069089,CENTRAL FOTOVOLTAICA SAO PEDRO IV S/A,utilities_generation_renewables,name_rule,high,3.410541496545609e-05,rule /EOLIC|VENTOS|WIND|SOLAR|FOTOVOLTAIC|\bUF/
49437481,MARAPE HOLDING E PARTICIPACOES S.A.,holding_diversified,name_rule,low,3.410541496545609e-05,generic holding/participacoes name
44493502,MARANGATU HOLDING S.A.,holding_diversified,name_rule,low,3.410541496545609e-05,generic holding/participacoes name
20917749,IBI BRASIL EMPREENDIMENTOS E PARTICIPACOES S.A.,holding_diversified,name_rule,low,3.410541496545609e-05,generic holding/participacoes name
24068977,CENTRAL FOTOVOLTAICA SAO PEDRO II S/A,utilities_generation_renewables,name_rule,high,3.410541496545609e-05,rule /EOLIC|VENTOS|WIND|SOLAR|FOTOVOLTAIC|\bUF/
25322949,NEXTI DESENVOLVIMENTO DE SISTEMAS SA,technology,name_rule,low,3.410541496545609e-05,rule /TECNOLOGIA|SISTEMAS|SOFTWARE/
11589522,EMPRESA DE TRANSMISSAO DE ENERGIA DO MATO GROSSO S.A. - ETEM,utilities_transmission,name_rule,high,3.410541496545609e-05,rule /TRANSMISSOR|TRANSMISSAO|INTERLIGACAO ELE/
36521478,REENERGISA GERACAO FOTOVOLTAICA III S.A.,utilities_generation_renewables,name_rule,high,2.9233212827533787e-05,rule /EOLIC|VENTOS|WIND|SOLAR|FOTOVOLTAIC|\bUF/
47155252,VIA ARAUCARIA CONCESS. DE RODOVIAS S.A.,toll_roads,name_rule,high,2.9233212827533787e-05,rule /RODOVI|AUTOPISTA|CONCESSIONARIA|\bVIA\b|/; CVM: Serviços Transporte e Logística
47548779,GNL BRASIL LOGISTICA S.A.,airports_ports_logistics,manual,low,2.9233212827533787e-05,GNL Brasil LNG logistics
48337673,TMXV EFICIENCIA HOLDING S.A,holding_diversified,name_rule,low,2.9233212827533787e-05,generic holding/participacoes name
48569227,VEGA SOLAR S.A.,utilities_generation_renewables,name_rule,high,2.9233212827533787e-05,rule /EOLIC|VENTOS|WIND|SOLAR|FOTOVOLTAIC|\bUF/
48497735,NORSK SOLAR BRASIL 2 S/A,utilities_generation_renewables,name_rule,high,2.9233212827533787e-05,rule /EOLIC|VENTOS|WIND|SOLAR|FOTOVOLTAIC|\bUF/
47957696,TRACTUS CAPITAL INVESTIMENTOS E PARTICIPACOES DEBTCO S.A.,banks_financials,name_rule,medium,2.9233212827533787e-05,rule /SEGUR|INVESTIMENTOS|FINANCEIR|CREDITO|CA/
09102044,SAGA BRASIL ADMINISTRACAO E PARTICIPACOES S/A,holding_diversified,name_rule,low,2.9233212827533787e-05,generic holding/participacoes name
48828134,HCC PPP MS02 SEINFRA SPE S.A,other,name_rule,low,2.9233212827533787e-05,no rule matched
48984443,AUTOGERACAO SOLAR COMPARTILHADA SUDESTE S.A.,utilities_generation_renewables,name_rule,high,2.9233212827533787e-05,rule /EOLIC|VENTOS|WIND|SOLAR|FOTOVOLTAIC|\bUF/
42171206,BON NOME SOLAR PARTICIPACOES S.A.,utilities_generation_renewables,name_rule,high,2.9233212827533787e-05,rule /EOLIC|VENTOS|WIND|SOLAR|FOTOVOLTAIC|\bUF/
31921853,BELA LUNA EMPREENDIMENTOS IMOBILIARIOS S/A,real_estate,name_rule,medium,2.9233212827533787e-05,rule /SHOPPING|INCORPORA|IMOBILIARI|CONSTRUTOR/
56950924,VIA RAPOSO CONCESSIONARIA DE RODOVIAS S.A,toll_roads,name_rule,high,2.9233212827533787e-05,rule /RODOVI|AUTOPISTA|CONCESSIONARIA|\bVIA\b|/
19011479,ENEL GREEN POWER MANICOBA EOLICA SA,utilities_generation_renewables,name_rule,high,2.9233212827533787e-05,rule /EOLIC|VENTOS|WIND|SOLAR|FOTOVOLTAIC|\bUF/
40082532,ZX RENOVAVEIS SA,utilities_generation_renewables,name_rule,high,2.9233212827533787e-05,rule /EOLIC|VENTOS|WIND|SOLAR|FOTOVOLTAIC|\bUF/
07114999,EVOLTZ IV - SAO MATEUS TRANSMISSORA DE ENERGIA S/A,utilities_transmission,name_rule,high,2.9233212827533787e-05,rule /TRANSMISSOR|TRANSMISSAO|INTERLIGACAO ELE/
53192626,SUNO ENERGIAS LIMPAS PROJETOS MADUROS S.A,utilities_generation_renewables,name_rule,low,2.9233212827533787e-05,rule /ENERGIA|ENERGY|GERACAO|GERADORA/
54880764,TPC TRANSMISSORA PARAISO DO CAFE S.A.,utilities_transmission,name_rule,high,2.9233212827533787e-05,rule /TRANSMISSOR|TRANSMISSAO|INTERLIGACAO ELE/
31231893,MEZ 3 ENERGIA S.A.,utilities_transmission,manual,medium,2.9233212827533787e-05,MEZ transmission
42029651,AXS ENERGIA UNIDADE 05 S.A,utilities_generation_renewables,name_rule,high,2.9233212827533787e-05,rule /EOLIC|VENTOS|WIND|SOLAR|FOTOVOLTAIC|\bUF/
44140908,CONCESSIONARIA DO AEROPORTO DA PAMPULHA S.A.,airports_ports_logistics,name_rule,high,2.9233212827533787e-05,rule /AEROPORTO|VOE XAP/
12980585,FYP EMPREENDIMENTOS IMOBILIARIOS S/A,real_estate,name_rule,medium,2.9233212827533787e-05,rule /SHOPPING|INCORPORA|IMOBILIARI|CONSTRUTOR/
14435130,BRK AMBIENTAL CENTRO NORTE PARTICIPACOES S.A.,sanitation,name_rule,high,2.9233212827533787e-05,rule /SANEAMENTO|\bAGUAS?\b|ESGOTO|AMBIENTAL|R/
35067262,REENERGISA GERACAO FOTOVOLTAICA II S.A.,utilities_generation_renewables,name_rule,high,2.9233212827533787e-05,rule /EOLIC|VENTOS|WIND|SOLAR|FOTOVOLTAIC|\bUF/
35654688,VAMOS COMERCIO DE MAQUINAS LINHA AMARELA S.A.,trucking_equipment_rental,manual,medium,2.9233212827533787e-05,Vamos maquinas
10851805,FLEX GESTAO DE RELACIONAMENTOS S.A,technology,cvm,medium,2.9233212827533787e-05,CVM: Comunicação e Informática
22904380,FUTURA ENERGIA S.A,utilities_generation_renewables,name_rule,low,2.9233212827533787e-05,rule /ENERGIA|ENERGY|GERACAO|GERADORA/
44507274,PANATI HOLDING S.A.,holding_diversified,name_rule,low,2.9233212827533787e-05,generic holding/participacoes name
44467456,NOVA MOBI PERNAMBUCO - SPE S.A.,toll_roads,name_rule,low,2.9233212827533787e-05,rule /METRO|TRENS|MOBILIDADE|MOBI /
59078946,KANASTRA-3 COMPANHIA SECURITIZADORA DE CREDITOS FINANCEIROS,banks_financials,name_rule,medium,2.436101068961149e-05,rule /SECURITIZ/
59479704,ILUMINA ITAPECERICA DA SERRA SPE S.A.,other,name_rule,medium,2.436101068961149e-05,rule /ILUMINACAO|ILUMINA |IL\. ?PUB|\bQLUZ\b/
57400901,MTX SE-CAMANDUCAIA SPE S.A.,other,name_rule,low,2.436101068961149e-05,no rule matched
09000493,HORTUS COMERCIO DE ALIMENTOS S.A. EM RECUPERACAO JUDICIAL,other,name_rule,low,2.436101068961149e-05,no rule matched
04149454,ECORODOVIAS INFRAESTRUTURA E LOGISTICA S/A,toll_roads,name_rule,high,2.436101068961149e-05,rule /RODOVI|AUTOPISTA|CONCESSIONARIA|\bVIA\b|/; CVM: Serviços Transporte e Logística
29183782,MORI ENERGIA HOLDING S/A,utilities_generation_renewables,name_rule,low,2.436101068961149e-05,rule /ENERGIA|ENERGY|GERACAO|GERADORA/
52177416,ATLETICO MINEIRO S.A.F.,other,manual,medium,2.436101068961149e-05,football club SAF
65730963,TTL HOLDING 36 S/A,holding_diversified,name_rule,low,2.436101068961149e-05,generic holding/participacoes name
62947412,ALBIOMA SOLAR PARTICIPACOES S.A.,utilities_generation_renewables,name_rule,high,2.436101068961149e-05,rule /EOLIC|VENTOS|WIND|SOLAR|FOTOVOLTAIC|\bUF/
23599885,PLUGIFY TECNOLOGIA S/A,technology,name_rule,low,1.948880855168919e-05,rule /TECNOLOGIA|SISTEMAS|SOFTWARE/
64948494,RIALMA ENERGIA SPE S.A,utilities_generation_renewables,name_rule,low,1.948880855168919e-05,rule /ENERGIA|ENERGY|GERACAO|GERADORA/
45870799,AXS ENERGIA UNIDADE 02 S.A.,utilities_generation_renewables,name_rule,high,1.948880855168919e-05,rule /EOLIC|VENTOS|WIND|SOLAR|FOTOVOLTAIC|\bUF/
03670763,OMNI TAXI AEREO S.A.,oil_gas,manual,medium,1.948880855168919e-05,Omni offshore helicopters [issuer override]
02905424,AGV LOGISTICA S.A.,airports_ports_logistics,name_rule,medium,1.948880855168919e-05,rule /PORTUARI|CONTEINERES|TERMINA(L|IS)|\bPOR/
07737623,A BODYTECH PARTICIPACOES S.A.,other,manual,medium,1.948880855168919e-05,Bodytech gyms
43102277,SOLFACIL SECURITIZADORA DE CREDITOS DO AGRONEGOCIO S.A.,banks_financials,name_rule,medium,1.948880855168919e-05,rule /SECURITIZ/
20247322,ALLIED TECNOLOGIA S.A.,technology,manual,medium,1.948880855168919e-05,Allied - override [issuer override]
08773135,2W ECOBANK S.A.,utilities_generation_renewables,manual,medium,1.948880855168919e-05,2W Ecobank renewables
34130063,ULTRACARGO SOLUCOES LOGISTICAS S.A,airports_ports_logistics,manual,high,1.948880855168919e-05,Ultracargo liquid terminals
41235642,AXS ENERGIA UNIDADE 01 S.A,utilities_generation_renewables,name_rule,high,1.948880855168919e-05,rule /EOLIC|VENTOS|WIND|SOLAR|FOTOVOLTAIC|\bUF/
34562112,SCALA DATA CENTERS S.A.,technology,manual,medium,1.948880855168919e-05,Scala data centers
61806722,COCAL RIO BRILHANTE AGROINDUSTRIAL S.A.,sugar_ethanol,name_rule,medium,1.948880855168919e-05,rule /ACUCAR|ALCOOL|ETANOL|BIOENERG|SUCROENERG/
34432153,COMPANHIA DE GAS DA BAHIA BAHIAGAS,utilities_distribution,manual,high,1.948880855168919e-05,Bahiagas
12434432,VERDE 2 ENERGETICA SA,utilities_generation_hydro,name_rule,medium,1.948880855168919e-05,rule /\bUHE\b|HIDRELETRICA|HIDRO ELETRICA|\bPC/
61974189,GLOBAL INFRA TELECOM - GIT S.A.,telecom,name_rule,medium,1.948880855168919e-05,rule /TELECOM|FIBRA|TORRES|WINITY|TELEFONIA/
39984031,SPE CONCESSIONARIA VOE XAP S.A,airports_ports_logistics,name_rule,high,1.948880855168919e-05,rule /AEROPORTO|VOE XAP/
13537735,DELTA SUCROENERGIA S/A,sugar_ethanol,name_rule,medium,1.948880855168919e-05,rule /ACUCAR|ALCOOL|ETANOL|BIOENERG|SUCROENERG/
61409892,COMPANHIA BRASILEIRA DE ALUMINIO,steel_metals,manual,medium,1.948880855168919e-05,CBA aluminium - override [issuer override]
07700557,ERBE INCORPORADORA S.A.,real_estate,cvm,medium,1.948880855168919e-05,"CVM: Emp. Adm. Part. - Const. Civil, Mat. Const. e Decoração"
55167344,AUTOGERACAO SOLAR PARTICIPACOES VII S.A,utilities_generation_renewables,name_rule,high,1.948880855168919e-05,rule /EOLIC|VENTOS|WIND|SOLAR|FOTOVOLTAIC|\bUF/
34355513,IBC EMPREENDIMENTOS E PARTICIPACOES S.A.,holding_diversified,name_rule,low,1.948880855168919e-05,generic holding/participacoes name
45754044,SIMAK LOCACAO SERVICOS S.A,trucking_equipment_rental,manual,medium,1.948880855168919e-05,Simak
50839551,CARANGOLA PARTICIPACOES EM ENERGIA SA.,utilities_generation_renewables,name_rule,low,1.948880855168919e-05,rule /ENERGIA|ENERGY|GERACAO|GERADORA/
53667104,AGUAS DE GOVERNADOR VALADARES SPE S.A.,sanitation,name_rule,high,1.948880855168919e-05,rule /SANEAMENTO|\bAGUAS?\b|ESGOTO|AMBIENTAL|R/
33839910,VIVARA PARTICIPACOES S.A.,retail,manual,high,1.4616606413766894e-05,Vivara
33950678,MEZ 1 ENERGIA S.A.,utilities_transmission,manual,medium,1.4616606413766894e-05,MEZ transmission
28008887,ARCOVERDE TRANSMISSAO DE ENERGIA S.A.,utilities_transmission,name_rule,high,1.4616606413766894e-05,rule /TRANSMISSOR|TRANSMISSAO|INTERLIGACAO ELE/
43261542,PGE - GUARAU GERADORA DE ENERGIA S.A.,utilities_generation_renewables,name_rule,low,1.4616606413766894e-05,rule /ENERGIA|ENERGY|GERACAO|GERADORA/
32185496,URBEM S.A.,other,name_rule,low,1.4616606413766894e-05,no rule matched
83855973,DCELT DISTRIBUIDORA CATARINENSE DE ENERGIA ELETRICA S/A,utilities_distribution,manual,medium,9.744404275844596e-06,DCELT
92038108,BRINOX METALURGICA S.A.,other,manual,low,9.744404275844596e-06,Brinox housewares
63227916,SPE JOPE ISB INOVA CXS S/A,other,name_rule,low,9.744404275844596e-06,no rule matched
00625711,HOSPITAL MERIDIONAL S/A,healthcare,name_rule,medium,9.744404275844596e-06,rule /HOSPITA|SAUDE|MEDIC|ONCOLOG|FARMAC|LABOR/
86445822,COPOBRAS S/A IND. E COM. DE EMBALAGENS,petrochemicals,manual,low,9.744404275844596e-06,Copobras plastic packaging
26404731,ELETROZEMA S.A.,other,name_rule,low,9.744404275844596e-06,no rule matched
94845674,REFINARIA DE PETROLEO RIOGRANDENSE S.A.,oil_gas,manual,medium,9.744404275844596e-06,Refinaria Riograndense - override [issuer override]
00585578,AGGER S.A.,other,name_rule,low,9.744404275844596e-06,no rule matched
35588161,CONCESSIONARIA LINHA UNIVERSIDADE S/A,toll_roads,manual,medium,9.744404275844596e-06,Linha Universidade - urban transit
35522281,COMPANHIA SECURITIZADORA DE CREDITOS FINANCEIROS VER-VIRTUS,banks_financials,cvm,medium,9.744404275844596e-06,CVM: Securitização de Recebíveis
12385102,EMPRESA DE TRANSMISSAO DE VARZEA GRANDE S.A. - ETVG,utilities_transmission,name_rule,high,9.744404275844596e-06,rule /TRANSMISSOR|TRANSMISSAO|INTERLIGACAO ELE/
12130744,TRUE  SECURITIZADORA S/A,banks_financials,cvm,medium,9.744404275844596e-06,CVM: Securitização de Recebíveis
38128791,RCH EMPREENDIMENTOS IMOBILIARIOS SA,real_estate,name_rule,medium,9.744404275844596e-06,rule /SHOPPING|INCORPORA|IMOBILIARI|CONSTRUTOR/
33314054,INFRA 6 PARTICIPACOES S/A,holding_diversified,name_rule,low,9.744404275844596e-06,generic holding/participacoes name
17185786,CONSTRUTORA BARBOSA MELLO SA,other,manual,low,9.744404275844596e-06,Barbosa Mello construction/engineering
07727966,SERRA DO FACAO ENERGIA S.A.,utilities_generation_hydro,manual,high,9.744404275844596e-06,Serra do Facao
15743303,PARNAIBA GERACAO E COMERCIALIZACAO DE ENERGIA S.A,utilities_generation_thermal,manual,medium,9.744404275844596e-06,Parnaiba (Eneva)
08091102,OCYAN S.A.,oil_gas,manual,medium,9.744404275844596e-06,Ocyan offshore [issuer override]
61065199,OCRIM S. A. PRODUTOS ALIMENTICIOS,other,name_rule,low,9.744404275844596e-06,no rule matched [issuer override]
36699688,COMPANHIA SECURITIZADORA DE CREDITOS FINANCEIROS VERT-LEVE CAPITAL,banks_financials,name_rule,medium,9.744404275844596e-06,rule /SECURITIZ/
02949016,CONTROL CONSTRUCOES SA,other,manual,low,9.744404275844596e-06,construction services
10678505,CONCESSIONARIA RODOVIAS DO TIETE S/A,toll_roads,name_rule,high,9.744404275844596e-06,rule /RODOVI|AUTOPISTA|CONCESSIONARIA|\bVIA\b|/; CVM: Serviços Transporte e Logística
63819943,CONC. ROD. INTEGRACAO SPE S.A.,other,name_rule,low,9.744404275844596e-06,no rule matched
65613958,BASA SANEAMENTO AMBIENTAL S.A.,sanitation,name_rule,high,9.744404275844596e-06,rule /SANEAMENTO|\bAGUAS?\b|ESGOTO|AMBIENTAL|R/
46574244,RESERVA NOVOS PARQUES URBANOS S.A.,other,name_rule,low,9.744404275844596e-06,no rule matched
63929367,CONCESSIONARIA ROTA SERTANEJA MG-GO S.A,toll_roads,name_rule,high,9.744404275844596e-06,rule /RODOVI|AUTOPISTA|CONCESSIONARIA|\bVIA\b|/
08486781,ROGGA S.A. CONSTRUTORA E INCORPORADORA,real_estate,name_rule,medium,9.744404275844596e-06,rule /SHOPPING|INCORPORA|IMOBILIARI|CONSTRUTOR/
36113075,ORION TRANSMISSAO S.A,utilities_transmission,name_rule,high,9.744404275844596e-06,rule /TRANSMISSOR|TRANSMISSAO|INTERLIGACAO ELE/
46081128,TRAVESSIA SECURITIZADORA DE CREDITOS FINANCEIROS XXVII S.A,banks_financials,name_rule,medium,9.744404275844596e-06,rule /SECURITIZ/
42130537,CONCESSIONARIA DO BLOCO SUL S.A.,airports_ports_logistics,manual,medium,9.744404275844596e-06,CCR Bloco Sul airports
53043876,MINUM GENCO GERADORA  S.A.,utilities_generation_renewables,name_rule,low,9.744404275844596e-06,rule /ENERGIA|ENERGY|GERACAO|GERADORA/
34175032,AXIS SOLAR III EMPREENDIMENTOS E PARTICIPACOES S.A.,utilities_generation_renewables,name_rule,high,9.744404275844596e-06,rule /EOLIC|VENTOS|WIND|SOLAR|FOTOVOLTAIC|\bUF/
41899757,AG-08 PARTICIPACOES  S.A.,holding_diversified,name_rule,low,9.744404275844596e-06,generic holding/participacoes name
51515582,PADOVA PARTICIPACOES S.A,holding_diversified,name_rule,low,9.744404275844596e-06,generic holding/participacoes name
08600252,EMPRESA DE TRANSMISSAO DO ESPIRITO SANTO S.A. - ETES,utilities_transmission,name_rule,high,9.744404275844596e-06,rule /TRANSMISSOR|TRANSMISSAO|INTERLIGACAO ELE/
44173962,NAVI ENERGIAS SUSTENTAVEIS S.A.,utilities_generation_renewables,name_rule,low,9.744404275844596e-06,rule /ENERGIA|ENERGY|GERACAO|GERADORA/
04270778,SANTANDER COR. DE SEG. INVEST. E SERV. S.A.,other,name_rule,low,9.744404275844596e-06,no rule matched
48963906,PARATY G.D. S.A.,utilities_generation_renewables,name_rule,high,9.744404275844596e-06,rule /EOLIC|VENTOS|WIND|SOLAR|FOTOVOLTAIC|\bUF/
37678809,RT 071 EMPREENDIMENTOS E PARTICIPACOES S.A.,holding_diversified,name_rule,low,9.744404275844596e-06,generic holding/participacoes name
27512695,ATHON ENERGIA S/A,utilities_generation_renewables,name_rule,high,9.744404275844596e-06,rule /EOLIC|VENTOS|WIND|SOLAR|FOTOVOLTAIC|\bUF/
19696542,SPE WELT ENERGIA S.A,utilities_generation_renewables,name_rule,low,9.744404275844596e-06,rule /ENERGIA|ENERGY|GERACAO|GERADORA/
19953139,GERADORA EOLICA BONS VENTOS DA SERRA 2 S.A.,utilities_generation_renewables,name_rule,high,9.744404275844596e-06,rule /EOLIC|VENTOS|WIND|SOLAR|FOTOVOLTAIC|\bUF/
09367702,COMPANHIA DE PARTICIPACOES EM CONCESSOES,toll_roads,manual,medium,9.744404275844596e-06,CCR concessions holding
28042871,GESTORA DE INTELIGENCIA DE CREDITO S/A,banks_financials,manual,medium,9.744404275844596e-06,Quod credit bureau
49323314,SOMOS SISTEMAS DE ENSINO S/A,education,name_rule,medium,9.744404275844596e-06,rule /EDUCA|ENSINO/
44650027,CACHOEIRA GRANDE ENERGIA RENOVAVEL S.A.,utilities_generation_renewables,name_rule,high,9.744404275844596e-06,rule /EOLIC|VENTOS|WIND|SOLAR|FOTOVOLTAIC|\bUF/
04565289,BEMOL S/A,retail,manual,medium,9.744404275844596e-06,Bemol
04911091,HIDRO FORTE ADMINISTRACAO E OPERACAO S/A,other,name_rule,low,9.744404275844596e-06,no rule matched
31701408,ATHENA SAUDE BRASIL S.A.,healthcare,cvm,medium,9.744404275844596e-06,CVM: Emp. Adm. Part. - Serviços médicos
19246473,BRK AMBIENTAL - MANSO S.A.,sanitation,name_rule,high,9.744404275844596e-06,rule /SANEAMENTO|\bAGUAS?\b|ESGOTO|AMBIENTAL|R/
31840260,SPE CONCESSIONARIA DO AEROPORTO DE ILHEUS S/A,airports_ports_logistics,name_rule,high,9.744404275844596e-06,rule /AEROPORTO|VOE XAP/
05510654,ALGAR TI CONSULTORIA S.A,technology,manual,medium,9.744404275844596e-06,Algar TI
60437929,CONCESSIONARIA DE RODOVIA NOVA 364 SA,toll_roads,name_rule,high,9.744404275844596e-06,rule /RODOVI|AUTOPISTA|CONCESSIONARIA|\bVIA\b|/
40173398,COMPANHIA SECURITIZADORA DE CREDITOS FINANCEIROS VERT 8,banks_financials,name_rule,medium,9.744404275844596e-06,rule /SECURITIZ/
27664414,AGRO TALENT PARTICIPACOES S/A,agribusiness_grains,manual,low,9.744404275844596e-06,Agro Talent
00585900,BRK AMBIENTAL - LIMEIRA S.A.,sanitation,name_rule,high,4.872202137922298e-06,rule /SANEAMENTO|\bAGUAS?\b|ESGOTO|AMBIENTAL|R/
19788923,VDB F2 GERACAO DE ENERGIA S.A.,utilities_generation_renewables,name_rule,low,4.872202137922298e-06,rule /ENERGIA|ENERGY|GERACAO|GERADORA/
24870139,TROPICALIA TRANSMISSORA DE ENERGIA S.A.,utilities_transmission,name_rule,high,4.872202137922298e-06,rule /TRANSMISSOR|TRANSMISSAO|INTERLIGACAO ELE/
08493354,VALE DO TIJUCO ACUCAR E ALCOOL S/A,sugar_ethanol,name_rule,medium,4.872202137922298e-06,rule /ACUCAR|ALCOOL|ETANOL|BIOENERG|SUCROENERG/
48238484,KANASTRA SECURITIZADORA S.A.,banks_financials,name_rule,medium,0.0,rule /SECURITIZ/
23907723,SERTAO I SOLAR ENERGIA SPE S.A.,utilities_generation_renewables,name_rule,high,0.0,rule /EOLIC|VENTOS|WIND|SOLAR|FOTOVOLTAIC|\bUF/
23912366,SOBRAL I SOLAR ENERGIA SPE S.A.,utilities_generation_renewables,name_rule,high,0.0,rule /EOLIC|VENTOS|WIND|SOLAR|FOTOVOLTAIC|\bUF/
24100518,LEST  LINHAS DE ENERGIA DO SERTAO TRANSMISSORA S/A,utilities_transmission,name_rule,high,0.0,rule /TRANSMISSOR|TRANSMISSAO|INTERLIGACAO ELE/
47290852,BURITI TRANSMISSAO DE ENERGIA S.A.,utilities_transmission,name_rule,high,0.0,rule /TRANSMISSOR|TRANSMISSAO|INTERLIGACAO ELE/
83054478,ADAMI S.A. - MADEIRAS,other,name_rule,low,0.0,no rule matched
65329869,ACQUAVIAS SP PARTICIPACOES S/A,toll_roads,manual,low,0.0,"Acquavias (transport concession, assumed)"
82641325,CREMER S/A,healthcare,manual,medium,0.0,Cremer medical supplies
36125692,SMART RJ CONCESSIONARIA DE ILUMINACAO PUBLICA SPE S.A.,other,name_rule,medium,0.0,rule /ILUMINACAO|ILUMINA |IL\. ?PUB|\bQLUZ\b/
25089509,COMPANHIA DE SANEAMENTO DO TOCANTINS - SANEATINS,sanitation,cvm,medium,0.0,"CVM: Saneamento, Serv. Água e Gás"
25298162,OURILANDIA DO NORTE TRANSMISSORA DE ENERGIA S/A,utilities_transmission,name_rule,high,0.0,rule /TRANSMISSOR|TRANSMISSAO|INTERLIGACAO ELE/
26643937,EMPRESA SUDESTE DE TRANSMISSAO DE ENERGIA S/A,utilities_transmission,name_rule,high,0.0,rule /TRANSMISSOR|TRANSMISSAO|INTERLIGACAO ELE/
26355027,GOIAS GERADORA DE ENERGIA RENOVAVEL S.A.,utilities_generation_renewables,name_rule,high,0.0,rule /EOLIC|VENTOS|WIND|SOLAR|FOTOVOLTAIC|\bUF/
45902707,DIANA BIOENERGIA AVANHANDAVA S.A.,sugar_ethanol,name_rule,medium,0.0,rule /ACUCAR|ALCOOL|ETANOL|BIOENERG|SUCROENERG/
29736734,LAGO DA PEDRA PARTICIPACOES S/A,holding_diversified,name_rule,low,0.0,generic holding/participacoes name
31326856,COLINAS TRANSMISSORA DE ENERGIA ELETRICA S/A,utilities_transmission,name_rule,high,0.0,rule /TRANSMISSOR|TRANSMISSAO|INTERLIGACAO ELE/
19389560,MARECHAL RONDON TRANSMISSORA DE ENERGIA S.A.,utilities_transmission,name_rule,high,0.0,rule /TRANSMISSOR|TRANSMISSAO|INTERLIGACAO ELE/
31231479,MEZ 4 ENERGIA S.A.,utilities_transmission,manual,medium,0.0,MEZ transmission
53732390,DOURADOS II ENERGIA S.A,utilities_generation_renewables,name_rule,low,0.0,rule /ENERGIA|ENERGY|GERACAO|GERADORA/
28019100,VIAPAULISTA  S/A,toll_roads,name_rule,high,0.0,rule /RODOVI|AUTOPISTA|CONCESSIONARIA|\bVIA\b|/; CVM: Serviços Transporte e Logística
28008733,SE VINEYARDS TRANSMISSAO DE ENERGIA S/A,utilities_transmission,name_rule,high,0.0,rule /TRANSMISSOR|TRANSMISSAO|INTERLIGACAO ELE/
22163297,CONCESSIONARIA PONTE RIO-NITEROI S/A - ECOPONTE,toll_roads,name_rule,high,0.0,rule /RODOVI|AUTOPISTA|CONCESSIONARIA|\bVIA\b|/; CVM: Serviços Transporte e Logística
08826596,ENERGISA PARAIBA - DISTRIBUIDORA DE ENERGIA S/A,utilities_distribution,name_rule,high,0.0,rule /DISTRIBUI.*ENERGIA|ENERGIA.*DISTRIBUI|DI/
44762192,GCB SECURITIZADORA S.A.,banks_financials,name_rule,medium,0.0,rule /SECURITIZ/
09305994,AZUL S.A.,airports_ports_logistics,cvm,low,0.0,CVM (ambiguous): Emp. Adm. Part. - Serviços Transporte e Logística
21540697,LAGOA 1 ENERGIA RENOVAVEL S.A.,utilities_generation_renewables,name_rule,high,0.0,rule /EOLIC|VENTOS|WIND|SOLAR|FOTOVOLTAIC|\bUF/
44323802,VERDE TRANSMISSAO DE ENERGIA SA,utilities_transmission,name_rule,high,0.0,rule /TRANSMISSOR|TRANSMISSAO|INTERLIGACAO ELE/
03995515,MATEUS SUPERMERCADOS  S.A.,retail,manual,high,0.0,Mateus
29774606,ITAMARACA TRANSMISSORA SPE S.A,utilities_transmission,name_rule,high,0.0,rule /TRANSMISSOR|TRANSMISSAO|INTERLIGACAO ELE/
17392519,E-VINO COMERCIO DE VINHOS S.A,retail,manual,medium,0.0,Evino
07526557,AMBEV S.A,food_beverages,cvm,medium,0.0,CVM: Bebidas e Fumo [issuer override]
18540906,UEM MINERACAO E CONSTRUCAO S.A.,mining,manual,low,0.0,UEM mineracao
18156217,SANTA VITORIA DO PALMAR ENERGIAS RENOVAVEIS S.A.,utilities_generation_renewables,name_rule,high,0.0,rule /EOLIC|VENTOS|WIND|SOLAR|FOTOVOLTAIC|\bUF/
16383969,TRANSMISSORA SUL LITORANEA DE ENERGIA S/A - TSLE,utilities_transmission,name_rule,high,0.0,rule /TRANSMISSOR|TRANSMISSAO|INTERLIGACAO ELE/
57126426,ESOL LOCACAO DE INFRAESTRUTURA SPE S.A.,trucking_equipment_rental,name_rule,medium,0.0,rule /LOCACAO|LOCADORA/
59924319,NEO SOLAR PARTICIPACOES S.A,utilities_generation_renewables,name_rule,high,0.0,rule /EOLIC|VENTOS|WIND|SOLAR|FOTOVOLTAIC|\bUF/
11805397,BEACH PARK HOTEIS E TURISMO S/A,other,manual,medium,0.0,Beach Park
10760260,CVC BRASIL OPERADORA E AGENCIA DE VIAGENS S.A.,other,manual,medium,0.0,CVC travel
38013764,GAMELEIRA GERADORA DE ENERGIA RENOVAVEL S.A.,utilities_generation_renewables,name_rule,high,0.0,rule /EOLIC|VENTOS|WIND|SOLAR|FOTOVOLTAIC|\bUF/
02221531,RODONORTE CONCES.DE RODOV. INTEGRADAS SA,airports_ports_logistics,cvm,low,0.0,CVM (ambiguous): Serviços Transporte e Logística
39903325,INTER HOLDING FINANCEIRA S.A.,banks_financials,name_rule,medium,0.0,rule /SEGUR|INVESTIMENTOS|FINANCEIR|CREDITO|CA/
12919786,TCP TERMINAL DE CONTEINERES DE PARANAGUA S.A.,airports_ports_logistics,name_rule,medium,0.0,rule /PORTUARI|CONTEINERES|TERMINA(L|IS)|\bPOR/; CVM: Serviços Transporte e Logística
13015567,RB COMMERCIAL PROPERTIES 30 EMPREENDIMENTOS IMOBILIARIOS SA,real_estate,name_rule,medium,0.0,rule /SHOPPING|INCORPORA|IMOBILIARI|CONSTRUTOR/
